original_text,label,predicted_label,confidence_negative,confidence_neutral,confidence_positive
@user @user Ma Ferrero? il compagno Ferrero? ma il suo partito esiste ancora? allora stiamo proprio frecati !!!,0,0,0.93,0.05,0.01
intensit√† di vita  http,1,1,0.07,0.75,0.18
Non vedi l'ora che venga qui almeno lo sentir√≤ pi√π spesso e potr√≤ finalmente stare con lui alla faccia di chi mi ha friendzonato.,2,2,0.06,0.09,0.84
@user @user solo che poi arriva @user e decide sempre tutto lui,0,1,0.35,0.56,0.09
Anche prodotti alimentari tipici pugliesi in vendita su  http   Tutto per tutti dappertutto...  http,1,1,0.02,0.83,0.16
@user Tutta la pasticceria! üíè Grazie amore mio! ‚ù§,2,2,0.01,0.08,0.91
Quanto mi stai cazzo troia,0,0,0.92,0.04,0.04
Anche l'Austria chiude le frontiere: In Europa √® ancora caos per l&amp;#39;immigrazione e il flusso di migranti. O... http,1,0,0.86,0.12,0.02
Perch√© alla fine siamo una famiglia e la famiglia non va mai abbandonataüíï #WeWillMeetAgain1D http,2,2,0.04,0.41,0.55
@user @user @user @user @user calcio √® la quintessenza della noia. Sport frenetici come basket o volley no,0,0,0.69,0.28,0.03
Oggi siamo a #Piacenza alla presentazione di #OroRosso il festival dedicato al pomodoro del Nord dal 2 al 4 ottobre http,1,1,0.01,0.83,0.16
@user Ciao!Mia sorella ha un canale YouTube che si chiama corinnelife97potresti visitarlo e iscriverti se ti piace?Grazieüíö,2,1,0.01,0.53,0.46
"cazzo sono tutti sti tweet in tl di \""innocente\"" \""colpevole\"" ao",0,0,0.94,0.05,0.02
Movimento Eticonomico02/09/2015 Ore 20:30 - CERVETERI (RM)Agriturismo Borgo Dell'Aschetto - Via Fosso Della Cerqueta 30,1,1,0.15,0.8,0.05
La bellezza della mie Steve Madden Fringly üíó http,2,2,0.03,0.12,0.85
@user per√≤ ha detto che √® collegato positivamente alla pedofilia quindi ci vede qualcosa di buono,0,2,0.07,0.2,0.73
Milano: prima e dopo il passaggio di Pisapippa #http,1,1,0.08,0.88,0.03
La pi√π grande prova d'amore √® sempre stata togliersi dai coglioni.,2,2,0.16,0.25,0.59
@user @user Quando invece riaprii i miei occhi mi accorsi che non era un sogno...Era tutto nitido e reale!Grigio e freddo...,0,2,0.09,0.22,0.68
E' morto a Pietrasanta lo scrittore Manlio Cancogni:  Aveva 99 anni in lutto il mondo della cultura. Con i su... http,1,0,0.82,0.15,0.02
‚Äì tomlinsik;Profilo molto carino in generale abbinato molto bene.,2,2,0.02,0.07,0.91
Io faccio di tutto e lei ha ancora la faccia di ignorarmi perch√© sono cos√¨ stupida? L'avrei dovuta mandare a fanculo da tempo.,0,0,0.94,0.04,0.02
Chiacchieriamo ‚Ä¢ Re: luned√¨ 31 agosto http,1,1,0.01,0.91,0.08
@user @user @user @user @user @user prima ora e dopo üòçüòçüòö,2,2,0.02,0.2,0.79
@user quanto ti odio da uno a dieci,0,0,0.94,0.04,0.02
Ultime ore per usufruire della promo estiva! - 15% su tutti i prodotti in catalogo! http,1,2,0.02,0.42,0.56
@user @user @user ti vogliamo bene anche noi Harry,2,2,0.01,0.11,0.88
"Io mi lamento della gente che scrive ancora \""freddy mercury\"" ma anche quella che scrive \""jhonny cash\"" non scherza",0,0,0.93,0.06,0.01
"Ucciso a bastonate moglie al gip: \""Lo amavo anche se era violento sono pentita\"" (Adnkronos)  http",1,0,0.75,0.2,0.06
"Oggi cominciamo cos√¨! Con i nostri saluti per voi di venerd√¨ scorso dopo \""Notre Dame de Paris\"". http",2,2,0.02,0.27,0.71
Dal prossimo anno Audi non sar√† pi√π uno sponsor del Milan il testimone passer√† alla Piaggio...e via con gli Apetti!!,0,0,0.62,0.29,0.09
Raduno alla caserma Galliano e commemorazione della Grande Guerra: Lo scorso anno su iniziativa di alcuni soci... http,1,1,0.03,0.82,0.15
IL MIO DIARIO - Pagine d'estate quando ti innamori piano piano dietro uno schermo. Grazie Greta. @user ‚ù§Ô∏è http,2,2,0.01,0.11,0.88
@user @user il fatto che una persona che vada in discoteca implichi che questa si droghi √® una fesseria...,0,0,0.94,0.05,0.01
Mercato : #Joaquin sempre pi√π in partenza  mentre anche #Vecino pare sia in partenza verso #Napoli. Si parla di... http,1,1,0.07,0.84,0.09
@user che la forza sia con noi,2,2,0.03,0.18,0.79
#governo@matteorenzi Licenzia 5000 precari LSU # LPU# Calabria dopo 20 di lavoronero,0,1,0.37,0.56,0.07
L‚Äôex presidente della Repubblica Centrafricana Francois Bozize ora in esilio ritorner√† nel paese per le elezioni‚Ä¶ http,1,1,0.4,0.56,0.03
quanto sono bravifdgjdkjgd http via @user,2,2,0.07,0.17,0.76
La Mafia ufficialmente confermata nel comune di Roma... http,0,1,0.07,0.86,0.07
"Ancora anziani truffati a Guidonia Montecelio attenzione a sedicenti \""avvocati\"" dell'assicurazione http",1,0,0.83,0.15,0.02
@user @user la Sicilia ha sempre capito tutto in anticipo.,2,2,0.16,0.42,0.42
@user amore non stare maleti porterai dietro tutti i bei momenti passati con ILE...üòî‚ù§Ô∏è,0,2,0.06,0.13,0.81
#notizie Piovono dollari su Blatter: l‚Äôultima contestazione all‚Äôex padrone della Fifa: Volano le banconote sul... http,1,0,0.49,0.47,0.04
@user grazie cristallo&lt;333,2,2,0.01,0.11,0.88
@user @user  tu sei appassionato di  calcio  visto che scrivi di quello √® nn ti critico anche se per me √®  una cagata. Rispe,0,0,0.95,0.03,0.02
#Cellulari e smartphone #10: Sony Xperia Z3 Plus E6553 Smartphone Nero [Italia] http http,1,1,0.02,0.92,0.06
Siete tutti belli Inte,2,2,0.09,0.1,0.82
Ma che  Lega e PD o forza Italia!  Qui c√© in un comune il partito du PILU  che mette d'accordo tutti! #qualunquemente http,0,2,0.12,0.32,0.56
Ho aggiunto un video a una playlist di @user: http IL FATTO DEL 17 LUGLIO,1,1,0.03,0.85,0.12
"#Mihajlovic a MC: \""Dobbiamo giocare sempre per vincere giocher√† chi merita. #Romagnoli ed #Ely? Hanno fatto bene\"".",2,2,0.02,0.09,0.89
se i sindacati vogliono la trasparenza in tutto  inizino loro ad essere trasparenti e a pubblicare compensi immobili ricavi ecc...,0,0,0.44,0.41,0.15
Quando i pedali della #bici sono ‚Äò#smart‚Äô http,1,1,0.04,0.5,0.46
"RAGA noi stiamo qui \""felici\"" maloro anche avendo vinto 8 categorie su 9 non erano molto felici. E sappiamo tutti perch√©  #TeenChoiceAwards",2,0,0.87,0.08,0.05
Te caldo anche d'estate Ma sono Pazzi? - Te caldo anche d‚Äôestate Ma sono¬†Pazzi? ‚Ä¶Capita spesso di vedere... http,0,1,0.24,0.5,0.26
1 Doppia in affitto a ragazzi e ragazze [Flickr] - alexeidos posted a photo: via Annunci Gromia per Milano ift.tt... http,1,1,0.03,0.93,0.04
@user ti voglio bene lo sai no?üåà,2,2,0.02,0.17,0.81
DISINFORMAZIONE Profugo stupra la figlia della famiglia italiana che lo aveva ospitato ‚Äì¬†http http,0,0,0.82,0.15,0.02
Roma ascensore bloccato in metr√≤: nel trasbordo bimbo cade e ... - TGCOM http,1,0,0.8,0.18,0.02
@user il nostro idolo vero @user ? MAD√í ANCORA RIDO HAHAHAHA,2,2,0.22,0.22,0.56
Riuscir√≤ a fare due cose praticamente contemporaneamente? No non ci riuscir√≤,0,0,0.77,0.2,0.03
"\""Friuli Venezia Giulia contributi per l'efficientamento energetico della prima casa\"" http #energia #feedly",1,1,0.03,0.61,0.36
@user BenjiFedeüòåvi ho fatto queste bellissime fotoüôäüòÇ merito il vostro follow su üôèüèº @user x85 http,2,2,0.01,0.07,0.92
Ma tutto questo caldo √® legale?,0,0,0.79,0.19,0.02
@user fallo grazie#Zeeroinmutande,1,2,0.04,0.13,0.82
I giovani agricoltori italiani a #Expo2015 conquistano tutti con il vero #MadeinItaly http,2,2,0.02,0.15,0.82
Pure io volevo fare gli auguri alle vostre mamme.Tutte perfette e amorevoli le vostre!,0,2,0.03,0.06,0.9
sto aspettando mamma fuori scuola ‚ú®‚ú® http,1,1,0.05,0.57,0.39
ewww Ûæì∫ ‚Äî in viaggio Roma,2,1,0.19,0.6,0.21
L'errore pi√π terribile che possa fare chi √® stato nel PCI √® pensare che il PD abbia qualcosa a che vedere con quella storia.Non √® cos√¨!,0,0,0.92,0.05,0.02
Vuoi trascorrere una serata elegante e raffinata in compagnia abbandonandoti ai piaceri della buona cucina... http,1,2,0.01,0.18,0.81
@user e fino ad ora direi che l ho fatto egregiamente,2,2,0.06,0.18,0.76
@user sono malata io che dobbiamo fare,0,0,0.84,0.14,0.02
Vi consiglio di leggere questo articolo.  http,1,2,0.03,0.46,0.52
@user Hey amore mio‚ù§Come stai? Spero bene!Ho tanto bisogno del tuo follow mi potresti seguire?Ti amo tanto bud√≠üíüx1.684,2,2,0.03,0.22,0.75
Vogliono sempre fare di testa loro e la maggior parte non sanno neanche per cosa si muovono realmente,0,0,0.82,0.15,0.03
Usa storica sentenza Corte Suprema: nozze gay legali in tutto il paese. http,1,1,0.17,0.79,0.05
"Nasa: \""Scoperto pianeta gemello della Terra\"" anche i suoi abitanti si lamentano del caldo su #Facebook #Kepler452B",2,0,0.92,0.06,0.02
#Vergogna #SiExpo  http,0,0,0.87,0.11,0.02
Arco di Constantino @ Roma Italia http http,1,1,0.06,0.9,0.04
@user tutto quello che desidero √® 1/5‚ù§Ô∏è tutto quello che chiedo √® parlare un po anche con te,2,2,0.06,0.45,0.5
E niente ...in piedi anche questa volta sul treno. Ed io che volevo dormire..,0,0,0.79,0.17,0.04
Lignano Sabbiadoro ( Udine). Contrastare l'abusivismo commerciale e la contraffazione. Con questo intento anche... http,1,0,0.59,0.34,0.07
Se Paolo non √® gay io divento Miss Italia come minimo!  #LuckyLadies,2,1,0.33,0.36,0.31
Ma la #Boldrini ha qualche problema? Parla solo di immigrati e di differenza di genere. Lo sapr√† che esistono anche altri problemucci?,0,0,0.72,0.23,0.05
@user uno svizzero che ha trovato l'America ...in Italia,1,2,0.08,0.37,0.55
@user mi hanno detto che ci sono anche ragazzi fighiüòè,2,1,0.06,0.59,0.36
Christ√¨ fai meglio a cancellare tutto ci√≤ che √® successo dal quel cazzo di 2 luglio 2012  a settembre 2014 grazie,0,0,0.91,0.07,0.02
Il Catanzaro continua a credere nella possibilit√† di riportare in giallorosso Andrea Razzitti anche se il... http,1,2,0.07,0.27,0.66
@user que buenooo italia te ama e siamo felici che ti piace l'italia ‚ô•‚ô•‚ô° te quierooo,2,2,0.02,0.08,0.9
Italia tappa buchi: ha salvato le banche Tedesche e Francesi http,0,0,0.45,0.21,0.34
Scopriamo a giugno il paradiso della Regina Sibilla!... http,1,2,0.01,0.27,0.71
üòãüí¨  ..ok    spesa  fatta  e  tutto  al  loro  postoüòÉüí¨  ..non  cerco  musica  mi  sto  con  voi    cos√¨  aspissiamo  di  pi√π  :],2,2,0.06,0.22,0.73
Una volta mi adoravano tutti ...,0,2,0.27,0.26,0.47
La misura esatta di Valeria Parrella: Massimo Onofri su @user per TROPPA IMPORETANZA ALL'AMORE. http,1,1,0.2,0.6,0.21
@user la vita √® tutta d'un fiatoüòç http,2,2,0.03,0.3,0.68
Sono stata mezz'ora a casa oggi e sono riuscita a fare solo danni,0,0,0.88,0.08,0.05
Anche lo SFIZIETTO PIZZERIA ha scelto NEON ALFA http,1,0,0.57,0.33,0.1
"\""Su una scala da 1 a 10 quanto sei pigro?\""\""Dipende...√® una scala mobile?\""",2,1,0.13,0.84,0.03
Cosa ridi te?? E io che cerco di aiutarti anche *sbuffa*,0,1,0.34,0.53,0.13
Tra due giorni 37 anni senza Peppino http via @user,1,1,0.23,0.74,0.03
@user grazie cara altrettanto a te e tutti @user @user @user @user @user @user @user @user,2,2,0.02,0.17,0.81
"Non pu√≤ succedere nulla che subito \""si stnn sfscn!!11 ommaigoddi\""mi fate ridere.Non possono avere dei problemi anche loro?",0,0,0.97,0.02,0.01
"#news La scuola in piazza contro la riforma Matteo Renzi: \""Ascoltiamo la ... - TGCOM http",1,1,0.16,0.76,0.08
Ordini solo quello che ti serve e quando preferisci senza scadenze e senza dover fare scorte di magazzino!... http,2,1,0.16,0.62,0.22
"@user confermo! Tutti a dirmi \""ti voglio bene\"" e nessuno che me ... Vabb√® ... üòÇüòÇüòÇ @user @user",0,2,0.19,0.33,0.48
#Esteri #News #news Nepal: si organizzano i soccorsi internazionali dopo il terremoto http http,1,1,0.13,0.81,0.06
@user Dream Catcher‚ù§ http se vuoi condividi il video ‚ù§ grazie üòä,2,2,0.01,0.24,0.75
@user quello che voglio e non devo mettere conto a te anche perch√© chi ti stava cacando lol,0,1,0.34,0.52,0.14
Giornata mondiale vittime dell‚Äôamianto 2015. In Italia ancora 4mila morti l‚Äôanno: La decima Giornata mondiale ... http,1,0,0.78,0.19,0.02
"Ieri a Sempione Vlada mi ha gridato \""STOP!!!!\"" e io come una cogliona ho iniziato a cantare \""Freeze\"" dei Block B.Kpop cosa mi hai fatto.",2,0,0.82,0.11,0.07
#AndreaColletti #M5S: #Riforma della #prescrizionehttp #TuttiInGalera #ersistema #terradeifuochi,0,0,0.67,0.31,0.03
Google ora fa concorrenza anche alle compagnie telefoniche col progetto Google ‚ÄúFi‚Äù: http http,1,1,0.02,0.57,0.41
@user dopo aver elencato tutti i pregi di the flash per due giorni ahahahahah,2,1,0.13,0.51,0.36
"Visto che bravi i nostri parlamentari che in questi giorni stanno \""invadendo\"" le tv nazionali? Anche questo... http",0,2,0.1,0.12,0.78
Renzi a Pompei i video delle contestazioni - di Simona D'Albora Non sono mancate le contestazioni alla visita... http,1,1,0.18,0.71,0.11
Ciao amore. Mi segui?Mi renderesti felicissima. Ti amo‚ú®@user x27,2,2,0.01,0.05,0.93
- Cosa fai nella vita? - Mi guardo sbagliare e sorrido rassegnato.,0,0,0.67,0.25,0.08
MATURA VOGLIOSA ASCOLTA E GODI (tutta italia) http,1,0,0.92,0.05,0.02
Per√≤ tutto sommato √® un ragazzo stra carino e dolceüòï forse finalmente √® la volta che riesco a voltare pagina..,2,2,0.03,0.05,0.92
#leiene ma che brutta figura anche i carabinieri,0,0,0.97,0.02,0.01
Ho aggiunto un video a una playlist di @user: http ROMA PRESENTAZIONE LIBRO SVIMEZ SULL‚ÄôECONOMIA DEL,1,1,0.03,0.86,0.12
Un bel Selfie prima della partita con Lorenzo dimenano,2,2,0.03,0.25,0.71
"\""@user: ‚ú® Cita e rispondi di feds ‚ú®Cosa pensi della tua vita?\"" che fa schifo",0,0,0.93,0.06,0.01
Livorno Italia http,1,1,0.04,0.93,0.03
@user amore miooo quanto sei forte! ‚ù§Ô∏è mi hai fatto ridere tantissimo! Sei la migliore giuro! Ti amo cu tuttu lu core!‚ú®üôàüíï,2,2,0.02,0.04,0.93
‚Äú@_Lira__: @user quando sono nervosaio solitamente metto le cuffie e lascio scivolare tutto...‚Äù vorrei riuscirci,0,0,0.48,0.29,0.23
Programmatore Software San Giorgio di Mantova Mantov - http,1,1,0.03,0.94,0.04
@user intensa bellezza . Grazie! üåπ,2,2,0.02,0.06,0.92
Alfano! Ha una lingua migliore di quella dei gatti! La merda la pulisce su bene proprio tutta tutta tutta!,0,0,0.85,0.06,0.09
Ancora qualche posto disponibile per il Porte aperte di Gioved√¨ prossimo! Affrettati a prenotare la tua... http,1,1,0.03,0.8,0.17
Quanto √® gnocco Rollo?,2,0,0.59,0.38,0.03
Settimana della moda femminile a Milano....orde di ormoni impazziti in giro per la citt√†. #robidemat,0,0,0.94,0.05,0.01
Pappagallini &amp; Co. le specie aliene che stanno invadendo l'Italia http,1,0,0.85,0.13,0.02
@user domenica spaccate tutto....solo uno stadio come il San Paolo pu√≤ e deve fare la differenza üíõ‚ù§üíõ‚ù§,2,2,0.18,0.12,0.7
la cosa pi√π triste √® che sono certa del fatto che l'ospedale fosse l'ultimo posto in cui lei sarebbe mai voluta tornare #GetWellSoonDemi,0,0,0.89,0.08,0.03
su arredotendenza.it le ultime tendenze in fatto di #design http,1,1,0.03,0.91,0.06
@user @user la legge condivisa da tutti per familiari persone fucilate e decimate √® un riconoscimento importante ed atteso,2,2,0.07,0.15,0.78
"@user sbraitava e capisco che si tratta della Persona che ha vinto l'ultimo Sanremo.TI RENDI CONTO?Xch√® √®StataPremiataUna\""cosa\""cosi!?",0,0,0.55,0.31,0.13
Empoli: Daspo di 5 anni per un tifoso - Un ultr√† 27enne colp√¨ un supporter della Juve con una testata http,1,0,0.72,0.25,0.03
@user E come se vogliamo vincerla forza ragazzi!!!!!!!,2,2,0.02,0.06,0.92
@user @user @user @user Ci sono persone che non sanno amare e vale anche per gli etero!,0,0,0.87,0.11,0.02
Scene da BraccialettiLive - Scarica l'App e Vinci il Set della 3a Serie! @user http,1,1,0.01,0.8,0.19
Io amo andare in centro a fare shopping,2,2,0.02,0.08,0.9
Eravamo 4 ladri al bar ..... quando io dicevo che alla festa dell'Unit√† giravano soldi a nero ... il segretario... http,0,1,0.25,0.69,0.06
Raccolto preso: 1242 di cibo! Hai controllato anche tu il tuo orticello! http #ipad #ipadgames #gameinsight,1,1,0.05,0.76,0.19
@user le graduatorie per chi deve partecipare alla vacanza inpdap poi in base alla posizione si sceglie dove andare :),2,1,0.02,0.77,0.21
Poi invece di fare progressi √® tornata indietro e quelle cose me le sono venute a dire e da l√¨ ho mandato anche la nostra amicizia a puttane,0,0,0.5,0.3,0.19
Cris e Rocco - Scarica l'App e Vinci il Set della 3a Serie! @user http,1,1,0.01,0.8,0.18
#Nonbeccomailaporta  Guarin stagione finita? Dai un po' di culo anche per noi http,2,0,0.92,0.06,0.01
"\""non sono stati pubblicati perch√© c‚Äôerano cose pi√π importanti da fare‚Äù(@user ha c.ca 4mila dipendenti e budget da 3mld)#editing",0,1,0.23,0.72,0.05
Presenti 239 nuove #offerte di #lavoro per COMUNE #MILANO http,1,1,0.02,0.73,0.25
#WeAreHereForDecarli noi ci siamo sempre. Grazie per tutti i sorrisi ti amiamo castorino del nostro cuore. x23,2,2,0.02,0.08,0.91
Se non fosse che si sono gi√† lasciati dovrei dare ragione a Madre che li vedeva bene in una puntata di amore criminale #uominiedonne,0,0,0.81,0.05,0.14
LINK: http | #marito #cornuto #moglie | Donna Cerca Uomo Roma ARYIANI TRANS ASIATICA &amp;hellip;LA TUA DEA DEL SESSO,1,1,0.09,0.86,0.04
@user perch√© ho sempre pensato che fossi bravo anche senza l'aiuto di fiorello stavi simpatico e facevi ridere,2,2,0.08,0.1,0.82
@user LAVORO:L'idea della rapina non era malema non dovevate farvi vedere in faccia!SALUTE: ora capite perch√© dal cinese si risparmia?,0,0,0.95,0.04,0.02
A1 Roma-Napoli  nebbia a banchi tra Colleferro (Km. 5925) e Anagni - Fiuggi (Km. 6035) dalle 06:14 del 01 mar 2015 http,1,1,0.43,0.51,0.06
"\""... Come il Padre ha amato me cos√¨ anch'io ho amato voi. Rimanete nel mio amore ...\"" http",2,2,0.06,0.16,0.79
"@user @user @user Bisognerebbe chiederlo a chi non la vota..Tutti furbi e poi votano altri xch√® lei \""arrogante\""",0,0,0.91,0.07,0.02
Salvini a Roma citt√† blindata. 3 mila agenti http,1,0,0.8,0.18,0.02
@user lo spero anche io!! Ho famissima *ridacchia*,2,2,0.07,0.14,0.79
ma odiano tutti simone o cosa? hahaha #Amici14,0,1,0.42,0.43,0.15
Ciampino. Inizio controllo della velocit√† in via M. Cal√≤. Guidare con prudenza.,1,1,0.15,0.66,0.19
@user Che bel buongiorno!!!!Grazie e baci.....buona giornata,2,2,0.01,0.05,0.94
"@user le tue offese tanto non si discostano da quel fatidico \""SEI IL MALE\""  fare le santarelle aiuta solo ad essere citate su un libro",0,0,0.86,0.1,0.04
Oggi √® la giornata della sorpresa,1,2,0.02,0.2,0.78
@user grazie a te Biagio!!!!!!!!,2,2,0.01,0.06,0.93
Ci sono emozioni che ancora fanno piangere! Accidenti alla mi sensibilit√†,0,0,0.92,0.04,0.04
Nickelodeon Kids‚Äô Choice Awards: tutti i premi dei One Direction negli anni http via @user,1,1,0.02,0.87,0.11
@user Grazie mille signor Vincenzo che belle foto saluti Non posso rispondere per DM perch√© non mi segui :(,2,0,0.6,0.17,0.23
Una delle dissonanti nenie dei Flying Saucer Attack stavolta cantata da Rachel Brook (e suonata anche da Matt... http,0,2,0.05,0.46,0.49
Toni Cris e il regista - Scarica l'App e Vinci il Set della 3a Serie! @user http,1,1,0.01,0.84,0.15
@user bene grazie. Ancora io uso spesso Lumia dove ci sono solo app non vostre... Posso usarle serenamente per aprire le auto?,2,1,0.07,0.6,0.33
@user  I delinquenti mandarli a casa subito #Italia fuori da legge dure vive in #ANARCHIA totale,0,0,0.96,0.03,0.01
Cellulare alla guida record incidenti 2014: sms prima causa di scontri - Tgcom24,1,0,0.66,0.29,0.05
Il mio piccolo amore mentre vede @user @user http,2,2,0.04,0.35,0.61
Che bisogno c'√® delle riforme di Renzi? Perch√© non ascoltare Grillo Salvini Brunetta Vendola? In Italia va tutto cos√¨ bene.............,0,0,0.91,0.07,0.02
#frommywindow. Il cielo della Bassa. http,1,1,0.04,0.85,0.11
Amore mio http,2,2,0.06,0.31,0.63
La lotta tra i professori universitari e il microfono √® una costante. Ma alla fine vince il microfono sempre.,0,1,0.18,0.46,0.36
G. Rossi. Italia Milano-Museo d'arte industriale http #Italie http,1,1,0.03,0.91,0.05
@user Grazie a te perch√© pensi un po' a noi ! XX,2,2,0.02,0.08,0.9
Mi sono sparato la D'Amico fino ad ora ma #Sconcerti proprio non ce la faccio. Notte a tutti e #finoallafineforzajuventus,0,0,0.61,0.11,0.27
attivate le notifiche della frassy -&gt; @user perch√® fa sempre follow tricks e gruppi chat dm con 4/5 e 3/4!#WeLoveYouFrassy 27,1,2,0.03,0.4,0.57
Buongiorno a tutti! Nuova foto di Kristen in giro per LA con CJ e Suzie! Nana &lt;3- Jules http,2,2,0.02,0.45,0.54
üòí cita e rispondi della noia üòí quanto √® stupida la nuova pubblicit√† della macchina dove c'√® il nonno che prende il viagra ecc ecc?,0,0,0.96,0.03,0.01
Carlo Degli Esposti - Scarica l'App e Vinci il Set della 3a Serie! @user http,1,1,0.01,0.83,0.16
@user @user Ma grazie awwüòç,2,2,0.01,0.06,0.93
Fortuna che c'√® Belen a fare video su ogni minimo sviluppo di suo figlio. Per i posteri questo √® molto importante.,0,2,0.04,0.12,0.85
06. Basta - Cata e i misteri della sfera: http tramite @user,1,1,0.03,0.93,0.03
Oggi i partecipanti da tutta Italia al #mediashow2015 (alunni e docenti) sono in visita a @user :) speriamo ci mandino tante foto #fb,2,2,0.02,0.21,0.78
@user buongiorno stavo vedendo la mia connessione e viaggio a  1 mega  e mi va lentissima. Ma si pu√≤ fare qualcosa?,0,0,0.71,0.26,0.03
@user fourian fare nanti datangla,1,1,0.11,0.49,0.4
@user da bambino mi ha fatto decidere per la carriera da programmatore... la scena in cui Flynn riassembla un intercettatore... üòå,2,2,0.03,0.14,0.84
Potete anche non votare non contano nulla i vostri voti. Pagate solo lo stipendio all'orchestra #sanremo15,0,0,0.7,0.22,0.08
Ecco cosa resta della Grecia dopo la cura della Troika http,1,1,0.17,0.8,0.03
@user e di che tesoro?? Grazie a te per questa meraviglia üëèüëèüëèüíôüòò,2,2,0.01,0.05,0.94
@user @user purtroppo c'√® gente che scrive solo x dimostrare che ha uno smartphone e quindi va bene qualunque cosa..purtroppo...,0,0,0.84,0.13,0.02
‚Äú@psycothicbitch: 'cita e rispondi della quinüíû' #beccaccinofotografare o essere fotografate?‚Äù Fotografare,1,1,0.06,0.89,0.05
Grazie mille grazie a chi ci sta vicino.#SwiftiesAreHereForDirectioners,2,2,0.01,0.08,0.9
@user scusami ma dovete tutti soffrire,0,0,0.92,0.06,0.02
#Roma #PiazzaDiSpagna pochi minuti fa. #NoComment #RomaFeyenoord http,1,1,0.08,0.88,0.04
@user quando posso grazie :3,2,2,0.02,0.23,0.75
"@user nel quadrante  della ruota della fortuna ci sar√† pure una casella  \"" fermo un giro\"" e \""perdi tutto\""  i lupetti crescono tu no",0,0,0.55,0.38,0.07
Aperto sull'A8 il nuovo svincolo Lainate-Arese http #varese #Milano,1,1,0.04,0.88,0.08
Un ringraziamento a tutti i clienti a quelli ke vengono da anni a quelli nuovi e a quelli ke lo diventeranno... http,2,2,0.03,0.2,0.77
@user bene  #disoccupati 50enni contenti della riforma costituzionale ora sappiamo cosa dare a mangiare ai nostri figli,0,2,0.05,0.14,0.81
"Inizia l'anno della capra. \""Perch√© √® importante valorizzare questi animali secondo lei?\"" http  @user",1,1,0.15,0.64,0.21
@user Grazie AMORE,2,2,0.01,0.09,0.89
Chi di rosso si veste troppo della sua belt√†  si fida..... #festivaldisanremo,0,0,0.88,0.08,0.04
Danze sfrenate - Scarica l'App e Vinci il Set della 3a Serie! @user http,1,1,0.12,0.77,0.11
Naturalmente Life con tutti suoi prodotti dall'efficacia garantita vi aspetta il giorno 20-21-22 Marzo 9:00 -... http,2,1,0.01,0.53,0.46
@user √® la sua vita a te cosa interessa? Sar√† libera di fare quello che vuole! Avesse mai veramente offeso Harry ti capirei -,0,1,0.34,0.48,0.18
Roma parla Florenzi: ‚ÄúLa squadra merita i fischi Doumbia no. Europa League? Vogliamo andare lontano‚Äù http,1,0,0.66,0.3,0.04
Grazie a @user e a #GiacomoDiGirolamo per #DormonoSullaCollina http #SpoonRiver,2,2,0.02,0.19,0.8
Dio quanto odio #Fringe,0,0,0.95,0.03,0.02
I lavoratori della #Provincia di #Mantova in assemblea su #riordino istituzionale #Rsu2015 #SiamoUnAltraStoria http,1,1,0.07,0.86,0.07
Dear mrs @user üíñPotresti seguirmi? üíéTi voglio beneüå∏ x9,2,2,0.03,0.28,0.69
Ultimamente le band sono divise in: chi molla e chi annuncia super tour dove ovviamente l'Italia NON ESISTE.,0,1,0.39,0.56,0.05
Leo Vale e il regista - Scarica l'App e Vinci il Set della 3a Serie! @user¬†http http,1,1,0.01,0.84,0.15
@user arrivo amore üòò http,2,2,0.01,0.27,0.71
"\"" Senza te sento che la mia vita √© difficile ma no √© finita.. \""",0,0,0.61,0.31,0.07
Epatite C: ritardi in tutta Italia la Sicilia non √® nemmeno¬†partita http,1,0,0.7,0.26,0.03
@user esattamente! Anche se nella mia mente ho inventato il finale ahahah,2,1,0.08,0.51,0.41
Fin'ora ha nevicato pochissimo... Quanto scommettiamo che ora che sto andando al bar con gli amici inizia a nevicare forte?,0,0,0.86,0.1,0.05
http  Sembra imminente la fusione tra Wind e 3 Italia. Ecco cosa cambia. #wind #3italia #telefonia #mobile #tre #fusione,1,1,0.03,0.58,0.39
@user Ciao ‚ò∫Ô∏è se hai posti liberi nel gruppo sull'app di braccialetti Rossi puoi aggiungermi? Myriam baldi posizione 14 Grazie ‚ù§Ô∏è,2,1,0.03,0.66,0.31
Ma anche i fiori nel tavolo al parco??? Ma siamo seri???#ilsegreto,0,0,0.83,0.15,0.01
@user si paghiamo ancora l'accusa sul carburante,1,0,0.81,0.17,0.02
La mia amika fa il compleanno quindi fatele tutti gli auguri! ‚ù§‚ù§‚ù§ @user,2,2,0.01,0.13,0.86
Tutti gli stranieri sono orgogliosi della loro #patria.Tranne noi italiani che schifiamo l'#italia e ci vergognamo di essere italiani.,0,0,0.84,0.06,0.1
e' qui la festa? - Scarica l'App e Vinci il Set della 3a Serie! @user¬†http http,1,1,0.01,0.78,0.2
@user boh ..me lo chiedo ancora ..buon pomeriggio cara,2,1,0.34,0.4,0.27
@user Se lei comprende anche i veri motivi per cui l'hanno fatto la vergogna si trasforma in rabbia. @user,0,0,0.89,0.08,0.04
"Il Corriere della Sera apre: \""Milan un miliardo di fastidi\"" http #AgenteFifa #DavideFanizza",1,0,0.5,0.47,0.03
"Volevo augurarTi \""Buona Fortuna\"" perch√© la Vita ha bisogno a volte solo di questo#BuonaFortuna",2,2,0.02,0.17,0.81
Uscire dal PD per fare i liberisti e rientrarci pi√π liberista di te. Non so' se √® peggio Inchino e Lanzillotta o il PD ora...  #SceltaCivica,0,0,0.92,0.06,0.02
Riuscire a dire cose che non hai gia pensato rinnova lo spirito giovane  che anima la vita,1,2,0.05,0.18,0.77
@user mi faresti felice se me la faresti fare con Louis :),2,2,0.01,0.09,0.9
@user secondo me alla fine i tuoi capelli saranno cos√¨ üëáüòÇ http,0,1,0.06,0.72,0.22
Viareggio Cup: Inter-Verona 1-0 arriva Mancini ma Bonazzoli ha gi√† fatto gol http,1,1,0.09,0.76,0.14
Nuovo post! IIF Carola Bacchioni: Nel novembre 2014 ho fatto un‚Äôesperienza bellissima. Sono stata una modella ... http,2,2,0.01,0.1,0.89
Vi manderei tutti a fare in culo,0,0,0.96,0.03,0.02
permettetemi di ricordarvi anche queste preview 1) http 2) http,1,1,0.26,0.56,0.18
@user un amore nel momento del bisogno :),2,2,0.01,0.08,0.9
I test attitudinali devono farci fare col cazzo che le capre entrano all'Universit√† cos√¨.,0,0,0.96,0.03,0.01
Bea - Scarica l'App e Vinci il Set della 3a Serie! @user¬†http http,1,1,0.01,0.81,0.18
@stringimiharold@Harry_Styles caga rorj o ti picchioe se magari caghi anche me non mi offendo eh hahaha,2,0,0.52,0.25,0.23
@user @user lo fa anche mio padre quando parla dei suoi amici. Li chiama ragazzi. Mah.,0,2,0.13,0.35,0.52
Terrorismo: sparatoria alla sinagoga di Copenhagen 3¬†feriti http,1,0,0.74,0.23,0.03
@user cIaO sEi Tu NeLlA fOtO?? üòÇüòÇüòÇüòÇüòÇ ahahaha non puoi cap√¨ quanto √® difficile scrivere cos√¨,2,0,0.42,0.36,0.22
"Al TG1 stanno definendo I Soliti Idioti \""cantanti\"".... ....No non riesco a fare nemmeno una battuta √® gi√† abbastanza ridicolo cos√¨!",0,0,0.96,0.03,0.01
Sono loro i comici della serata. #65 #Sanremo2015,1,0,0.88,0.09,0.03
Chiudo gli occhi e penso a leiIl profumo dolce della pelle suaE‚Äô una voce dentro che mi sta portando dove nasce il sole,2,2,0.04,0.24,0.72
@user poi dico io ma puoi andare da uno che conosci a stendo e dirgli se ti pu√≤ presentare qualcuno? ma quanto sei sfacciata?,0,0,0.8,0.17,0.03
Lo sguardo di Bea - Scarica l'App e Vinci il Set della 3a Serie! @user¬†http http,1,1,0.01,0.82,0.17
@user bene dai,2,1,0.13,0.46,0.41
Non ci si sposa prima dei 26 anni. Prima regola di vita. Trascrivete e appendete al muro di cameretta povery che non siete altro.,0,0,0.61,0.31,0.07
Anagni. Scuolabus ribaltato; nessun ferito; http,1,0,0.65,0.33,0.03
Amore voglio un bambino,2,1,0.29,0.52,0.18
Non ne posso pi√π della pioggiaaa!,0,0,0.45,0.14,0.41
Istat: crollano le nascite sale numero stranieri residenti in Italia (AGI - Agenzia Giornalistica Italia)  http,1,0,0.6,0.36,0.04
@user ci hai illuseüòÇüò™Vabb√® oltre ad essere un cantante perfetto sei anche un tatuatore,2,2,0.18,0.15,0.67
#qcc Se i mimmo boys alzavano la barbie umana come hanno fatto con katia le si staccavano le braccia,0,0,0.84,0.12,0.04
Raccolto preso: 480 di cibo! Hai controllato anche tu il tuo orticello! http #iphone #iphonegames #gameinsight,1,1,0.07,0.82,0.11
#sanremo15 lodi lodi lodi per @user hai convinto tutti congrats,2,2,0.04,0.08,0.88
Ma le persone oltre ad usarti e a cercarti quando vogliono sanno voler bene?,0,1,0.38,0.44,0.18
La mia vita scandita da #SkyAtlantic e #SkyArte,1,1,0.04,0.86,0.1
Dai ritorna @user canta ancora ti prego#EdSheeranSanremo2015,2,1,0.24,0.41,0.35
Raga la mia vita √® finita dopo la verifica di storia quasi come quella di napoleone dopo la sconfitta di waterloo,0,0,0.79,0.18,0.03
l'inammissibilit√† della prova testimoniale pu√≤ essere eccepita solo dall'interessato prima... http,1,0,0.59,0.35,0.05
@user Grande Mila! Orgogliosa e felice che tu faccia parte della Direzione del PD @user,2,2,0.01,0.04,0.95
‚Äú@tomei_carlo:@user  fottiti tu e tutti rubentini come teringraziate gli arbitri italiani.la supercoppa rimasta in gola @user,0,0,0.53,0.12,0.35
@user MENTARI DE MARELLE DIGANDENG MESRA AL GHAZALI SEBULAN DI ITALIA Cek di http,1,0,0.93,0.05,0.02
Che poi domani dovrei andare a scuola ma mia mamma mi fa stare a casa :),2,2,0.08,0.23,0.69
Ora io non vorrei fare benaltrismo ma ci rendiamo conto che ci sono accuse di terrorismo verso i #notav ?Giusto il senso della misura.,0,0,0.79,0.18,0.03
@user Alessandro #Bergonzoni Contro lo #stigma nei confronti della malattia mentale #passaparola http,1,1,0.39,0.57,0.04
@user #Amici14 Briga tutta la vita.....,2,2,0.23,0.27,0.5
@user dopo che l'ansa ha riportato la notizia che la fed ha staccato un assegno da quasi 100 miliardi al tesoro USA  ancora parlano???,0,0,0.77,0.19,0.04
Gnocchetti alla provola con radicchio | Sale&amp;Pepe http,1,1,0.05,0.81,0.13
@user complimenti a tutti e in particolare a @user per gli occhiali nuovi,2,2,0.02,0.07,0.92
Cio√® appena arrivata io tutta 'grazie leader' e lei manco mi caga la odio addio,0,0,0.96,0.02,0.02
Amici 14: un triangolo amoroso crea caos nella scuola ‚Äì Gossip e Tv http,1,0,0.83,0.15,0.02
Se arriva anche Zappacosta sarebbe davvero un gran colpo.,2,0,0.95,0.03,0.02
@user anche io non credo ma √® comunque una mancanza di rispetto nei suoi confronti. Sapevano che ci teneva non √® stato corretto,0,0,0.88,0.08,0.03
Alla conferenza stampa @user 2015 con @user @user @user @user follow #SMWmilan http,1,1,0.01,0.88,0.11
@user Buongiorno bellezza!!!!  Complimenti anche con questo bustino sei super,2,2,0.01,0.04,0.94
@user A me sembra una stronzata della quale dovresti vergognarti.,0,0,0.92,0.05,0.03
Settore giovanile il programma della settimana http,1,1,0.02,0.94,0.05
"Alla fine abbiamo messo \""La Sposa Cadavere\"" non mi dispiace infatti.",2,0,0.63,0.16,0.21
@user io non sono d'accordo che abbiano nominato grand Budapest hotel e il libro della vita,0,0,0.82,0.16,0.02
@user MYGENOO IL PRIMO SOCIAL IN ITALIA DOVE PUBBLICARE E CONDIVIDERE I TUOI ANNUNCI GRATUITAMENTEhttp,1,2,0.07,0.39,0.54
A tutti voi con carica vi do il buongiornooooo http,2,2,0.03,0.2,0.78
Ciao @user dopo che hai insultato i napoletani ora li difendi. Sei mitica!! Cmq tre pere,0,2,0.31,0.12,0.57
@user e non ci sono alla festa,1,0,0.49,0.46,0.05
Va bene va bene guardate Sanremo...Tanto fra qualche giorno esce il primo video estratto dal live dei Just for Fun :D ‚Äî su di giri,2,2,0.02,0.29,0.7
@user dopo la bestemmia passi all'economia: qui stiamo parlando di terroristi che uccidono chi non si piega ai loro diktat.,0,0,0.88,0.09,0.03
LINK: http | #sessoorale #sessoamatoriale #incontrionline | Donna Cerca Uomo Roma classe e dolcezza,1,1,0.04,0.71,0.25
@user Sono stato tra i primi 6 ho guardato! Grazie &lt;3,2,2,0.01,0.17,0.82
Cambiare e' possibile basta volerlo.                        Anche Mastrota e' passato dai materassi ai box doccia..,0,1,0.21,0.58,0.22
Tutti Frutti http,1,1,0.04,0.89,0.07
@user Metteresti mi piace qui? Ricambio in qualsiasi modo‚ù§Grazie se lo fai ‚ù§ http,2,2,0.02,0.2,0.78
@user livelli alti non scherziamosi parlava che l'amore √® cieco...Io direi anche che la gente √® sorda...,0,0,0.89,0.08,0.02
@user fllbck della,1,1,0.13,0.5,0.37
@user: üå¥Cita e rispondi - Old MagconüççFoto preferita di Matt? Amore mio http,2,1,0.03,0.63,0.34
Partecipa anche tu al nuovissimo #giveawaydelcavolo in collaborazione con il nuovo sponsor‚Ä¶ http,0,1,0.01,0.59,0.4
Raccolto preso: 972 di cibo! Hai controllato anche tu il tuo orticello! http #iphone #iphonegames #gameinsight,1,1,0.06,0.82,0.12
Harry mi ha fatto letteralmente perdere la testa. by harrystringimi,2,0,0.92,0.05,0.03
‚Äú@alloveragainlh: domani io vs il mondo esattamente come osvaldo vs icardi vaffanculo spintoni e paroloni a tutti‚Äù,0,0,0.95,0.04,0.01
#giustizia #avvocati #ferie (Se alla fine il taglio delle ferie vale per gli avvocati ma non per i giudici) http,1,1,0.26,0.69,0.05
Alla ricerca del niruana ‚úãüòΩüòÇ #federaicamaggiorenne #ellapeppa #bellasssei http,2,1,0.19,0.61,0.2
@user no certo... E sopratutto spesso √® anche colpa di terzi.,0,0,0.71,0.25,0.04
"Schaeuble \""Renzi ha fatto le riforme necessarie per l'Italia\"" http",1,2,0.04,0.27,0.69
#BrigaAMICI che difendeva Gabriele√® l'amore.‚ù§üòç,2,2,0.02,0.08,0.9
#BoldiPresidenteRepubblica a a a mi sto cagando addosso pi√π fagioli alla john wayne per tutti @user,0,0,0.83,0.09,0.08
Italia e Gaby sao tao ingenuas #LevantaEsseAstralGaby,1,0,0.52,0.24,0.24
@user sarai anche da qui...il suo orgoglio!!!,2,2,0.03,0.07,0.89
‚Äú@Baciamierculo: üëÖüí¶ Cita e rispondi della Els üëÖüí¶Una figura di merda che hai fatto?‚Äù Ne ho fatte tantenon riesco a sceglierne una..,0,0,0.95,0.03,0.01
Borsa: Milano apre incerta +004% http #gzagato,1,1,0.07,0.83,0.1
Quanto vorremmo abbracciarli.. #OTRALIVESTREAM http,2,1,0.24,0.41,0.35
@user te ce porto io a vede' Roma. E la fontana l'hanno chiusa piango.P.s rispondi ai dm lol.,0,0,0.82,0.13,0.05
#UNIFIL 1¬∞ tripartite meeting dopo uccisione casco blu Clima preoccupazione per sicurezza @user @user http,1,0,0.83,0.15,0.01
@user Perch√® lui √® la mia fottuta vita. HO BISOGNO DI LUI. Dammi un' opportunit√°. Te lo chiedo con tutta l'anima #silvshelpme x129,2,2,0.17,0.16,0.67
C'√® ancora qualcuno ? #Rt seguimi e ti seguo. Non so cosa fare e non sto nemmeno bene c.c shit,0,0,0.87,0.1,0.02
@user qualche classifica riguardo alla musica(cantanti preferiti cd preferiti..)oppure le tue prime cose musicali (cd concerti..),1,1,0.06,0.82,0.13
‚Äú@django162_: @user solo un dm la pregooo...se nn le piaccio mi def ok?üòúüòÇ‚Äù vita mia,2,1,0.38,0.39,0.24
Quanto tempo perdido,0,0,0.8,0.15,0.05
#follownow #PeachesFollowTrain  AUTO FOLLOW BACK!!! #FOLLOWME seguimi e tutti quelli che retweettano!,1,1,0.04,0.65,0.31
@user bene tesoro tu?üíï,2,2,0.03,0.31,0.66
@user @user @user @user Ponte crollato Renzi: chi ha sbagliato pagher√† tutto. Chi ci crede..?,0,0,0.83,0.13,0.04
Foto: I BR alla Fiera del Levante - Scarica l'app e diventa un braccialetto http @user http,1,1,0.05,0.89,0.06
l'interpretazione dei sogni √® la mia vita,2,1,0.11,0.59,0.3
@user @user Se tu mi dai della decerebrata io ti do della minchiona se ci tieni lo riconfermo. Quindi?,0,0,0.68,0.24,0.08
@user *tira anche lui fuori i canini* no!,1,0,0.54,0.39,0.07
Cari igers con questo bellissimo scatto di @user che immortala un aereo mentre passa tra i grattacieli della F‚Ä¶ http,2,2,0.03,0.11,0.85
Ci sono situazioni in cui ti trovi a disagio rimanere ma anche ad andartene e non sai cosa fare-,0,0,0.83,0.12,0.04
Buongiorno a tutti / e... http,1,2,0.04,0.34,0.62
E adesso...si ride!!! Forza cuore impavido colpisci!!!!,2,2,0.16,0.1,0.74
Simpatica mia mamma che mi ha messo la sveglia alle 10 perch√® devo fare i compiti.,0,0,0.44,0.15,0.41
@user che vuoi fare oggi?,1,1,0.03,0.86,0.11
Un gustoso secondo piatto 100% veg! Leggi la ricetta e preparalo anche tu http #vegan #ricette #tofu,2,2,0.02,0.38,0.6
@user noi italiane ci stiamo facendo il culo per aver date in Italia nel 2015 ma nienteüòîüò¢,0,0,0.94,0.04,0.01
Queen al cinema con il leggendario concerto Montreal 1981: L‚Äôattesa √® quasi finita per tutti i fan dei Queen ... http,1,2,0.05,0.36,0.59
@user buongiorno anche a te,2,2,0.02,0.21,0.77
@user  1.000.000 di accessi al sito della buona scuola non significa 1.000.000 di consensi!!!,0,0,0.51,0.43,0.06
"\""Arco di Costantino: cronaca di una morte annunciata\"" http #blog #cultura #roma #hobby date un'occhiata se volete",1,0,0.74,0.24,0.02
"\""E non √® detto che non ci si riunisca nella vita non si pu√≤ mai dire\"" &lt;3 #sacre http",2,1,0.12,0.7,0.18
"@user La scuola deve insegnare a ""pensare"". La scuola la ""buona scuola"" deve insegnare il sapere critico. Capito futuri schiavi?",0,0,0.95,0.03,0.02
@user @user alla 16:00 tu?,1,1,0.06,0.88,0.07
Niente mi commuove maggiormente dell'essere capito. Lo preferisco immensamente all'essere immaginato anche sotto la forma pi√π seducente P.V,2,2,0.15,0.1,0.76
@user i gufi i gelati la buona scuola...ma all'anema e chi ta mmuort,0,1,0.24,0.41,0.35
Il 27 febbraio gli @user tornano con il nuovo album ‚Äù #THEAPOCALYPSEDJ‚Äù. Live a Milano il 7¬†marzo http,1,1,0.01,0.78,0.2
16. Il modo in cui mi ha fatta innamorare di lui non l'ho mai incontrato  eppure lo amo dio solo sa quanto.#21ReasonsWhyWeLoveHarry,2,2,0.03,0.07,0.9
@user inoltre conosci luccisano? Se si chiedigli quanti giorni ha insegnato in una scuola prima di scrivere #labuonascuola,0,1,0.28,0.62,0.1
Ossigeno bloccato al San Camillo sospetti del direttore sulle tensioni tra il personale http via @user,1,0,0.77,0.2,0.02
@user Grazie!!!,2,2,0.01,0.09,0.9
"@user attenti quando qlcs non viene utilizzato spesso c'√® la scusa per toglierlo...vedi la ""buona scuola"":(",0,0,0.9,0.08,0.02
Ravenna: Operaio tenta suicidio con i gas di scarico alla base del gesto problemi economici http,1,0,0.8,0.18,0.03
@user Sign Paoloooo ma ci siamo anche noi che la tiriamo su di morale üòØ giustooo?? üòô,2,2,0.13,0.38,0.49
Il #14Nov portiamo in piazza #labuonascuola delle lotte contro la scuola-azienda di Renzi! #scioperosociale @user http,0,1,0.38,0.52,0.1
@user do you know any places in the South of Italy? Conosci qualche localit√† del Sud Italia?,1,1,0.11,0.83,0.06
Ho tutto ci√≤ di cui ho bisogno ora non potrei chiedere di pi√π,2,2,0.1,0.23,0.67
@user dove sta questa buona scuola? Dove,0,1,0.28,0.48,0.25
Ecco tutti I vincitori dei #GoldenGlobes 2015 andati in onda questa notte!! http,1,1,0.02,0.72,0.25
"Ora che ho superato una mia \""fobia\"" pattinando (diciamo) sul ghiaccio posso anche andare in cima all'Everest superandone un'altra.",2,0,0.77,0.13,0.09
La buona scuola fatta da insegnanti che quotidianamente dedicano le migliori energie per il meglio non meriterebbe inquisizioni di merito,0,2,0.42,0.16,0.42
@user vedrai l'emblema della #palestra,1,1,0.12,0.84,0.04
Ti difender√≤ da incubi e tristezzeTi riparer√≤ da inganni e maldicenzeE ti abbraccer√≤ per darti forza sempre üíû üíû,2,2,0.14,0.23,0.64
La buona scuola 2: delle italiche emergenze. http via @user,0,1,0.06,0.86,0.09
Jadwal Liga Italia 2015: Prediksi AS Roma vs Lazio http,1,1,0.05,0.88,0.07
MANCA POCOOO.  PARTECIPATE TUTTI AL SUO FOLLOW TRICK @user E SPARGETE LA VOCE,2,0,0.37,0.35,0.28
@user @user @user @user @user @user ancora 4 giorni e ci libereremo de #labuonascuola #cattivascuola,0,2,0.06,0.21,0.72
"\""@user: @user prima della prima di #GodownMoses di #RomeoCastellucci http #Calbicipiace",1,1,0.05,0.92,0.04
@user mmm... sorry posso sperare nella tua magnanimit√† e in una migliore taratura della fotocamera?,2,2,0.32,0.29,0.39
"Sto compilando il questionario su ""la buona scuola"" di Renzi. Non ci capisco un cazzo",0,0,0.85,0.1,0.05
Bomba carta contro un negozio con i dipendenti ancora all‚Äôinterno http via @user,1,0,0.75,0.23,0.02
@user @user io ho votato (anche) Vespasiano üòÄ,2,2,0.04,0.35,0.61
Le voci contrarie al documento sulla ‚Äúbuona scuola‚Äù: Dai licei ‚ÄúPasteur‚Äù e ‚ÄúMamiani‚Äù arriva una sonora bocciatura... http,0,0,0.82,0.16,0.02
MARINE LE PEN VORREBBE IL REFERENDUM SULLA PENA DI MORTE DOPO L'ATTENTATO TERRORISTICO Dopo i noti fatti accadut... http,1,0,0.83,0.12,0.05
Dopo questa le abbiamo fatte tutte! üëçüö≤ @ In Centro Pavia http,2,2,0.02,0.26,0.72
La buona scuola... Si comprende cio√® la differenza tra SCUOLA e LUDOTECA corredata di servizio babysitter? ...Davvero?,0,1,0.25,0.64,0.11
Raccolto preso: 140 di cibo! Hai controllato anche tu il tuo orticello! http #android #androidgames #gameinsight,1,1,0.07,0.84,0.09
@user Grazie uomo!,2,2,0.01,0.06,0.93
*#genitori scuola dell'infanzia costituzione** i grandi assenti de #labuonascuola per @user adesso a #fahrenheit,0,1,0.13,0.63,0.23
Come fa un ragazzo di soli 24 anni ad aver conquistato la libert√† finanziaria? Grazie ad un sistema‚Ä¶ http,1,1,0.13,0.46,0.41
√à l'unico che resta gli voglio troppo bene,2,2,0.07,0.1,0.83
*anche fossero 150.000 i questionari compilati per #labuonascuola sarebbero comunque pochi ** @user adesso a #fahrenheit,0,0,0.67,0.29,0.04
Cos'√® oggi l'originalit√†? Qualcuno pu√≤ aiutarmi a fare qualche distinguo?,1,0,0.58,0.37,0.05
@user grazie milleh,2,2,0.01,0.12,0.87
"@user (#M5S) : ""Nonostante i disastri il Ministero continua a parlare di buona scuola!"" -&gt; http",0,1,0.22,0.46,0.32
Il ritorno della #Lira? Quest'anno il destino d'Italia √® in bilico...la Reuters oggi: http http,1,0,0.83,0.15,0.02
@user non immagini quanto üòÇ,2,2,0.07,0.25,0.67
@user √® inutile inviare commenti sulla Buona Scuola non vengono pubblicati....docenti arrabbiati!#labuonascuola,0,0,0.96,0.03,0.01
Un pezzo di storia della mia vita su un A-320  AIRONE... http,1,1,0.03,0.93,0.04
@user Brava fai bene anche io lo faccio non vedo l'ora di vedere il videoo,2,2,0.01,0.06,0.93
@user @user @user @user √® buona scuola tenere docenti in servizio dopo i 60? NON conviene x spese sanit√†/suppl x danno alunni,0,0,0.83,0.14,0.03
meno di quarto di vita,1,1,0.35,0.53,0.12
"@user @user dopo un serio e attento esame ti informo che il nostro \""Accordo di Amicizia\"" √® rinnovato per l'anno 2015",2,2,0.02,0.47,0.5
Ricordiamoci alle prox elezioni chi ha distrutto il lavoro con il #JobsAct e la scuola con #labuonascuola,0,0,0.9,0.08,0.02
#sondaggio chi sar√† il nuovo #Presidente dopo #Napolitano?http,1,1,0.17,0.8,0.03
‚Äú@haileygdrsx: cita e rispondi di queen h ‚ô•solo io amo evan peters?‚Äù Evan amore mio,2,2,0.09,0.38,0.53
#14nov #labuonascuolasiamonoi #scioperosociale rete studenti milano! http,0,1,0.05,0.61,0.34
Robo-Advisor : il Cavallo di Troia della finanza telematica http,1,1,0.05,0.91,0.05
Strada ampia rallegra gli indigeni! Ora la mia isola √® ancora pi√π fantastica! http #android #androidgames #gameinsight,2,2,0.04,0.07,0.88
#labuonascuola io direi che prof si nasce. Ed √© per questo che chi si improvvisa innovatore della scuola farebbe bene a occuparsi di altro,0,2,0.21,0.31,0.48
LINK: http | #avventure #annoiata #carsex #lombardia | Donna Cerca Uomo Milano PIAZZA LOTTO ) -*&amp;amp;*- ragazza ...,1,1,0.04,0.89,0.07
@user bene anche se sto morendo di sonno ieri appena sono tornato mi sono messo a guardare tarzan sparami..,2,0,0.7,0.18,0.12
@user i dibattiti su #labuonascuola aperti a tutti? Ma dove vivi?,0,0,0.61,0.35,0.04
Alternanza scuola lavoro: percorso professionalizzante nell'editoria il giornalismo il social media management. #labuonascuola @user,1,2,0.02,0.43,0.55
Caro @user a #portaaporta con @user hai difeso bene le idee in cui credi x un'Italia migliore. W #labuonascuola,2,2,0.02,0.06,0.91
Ecco come #labuonascuola di @user far√† danni all'istruzione anche sui buoni prof #sapevatelo @user http,0,0,0.43,0.22,0.35
Della scuola possono e devono parlare tutti #portaaporta  #labuonascuola,1,1,0.1,0.54,0.37
@user #labuonascuola √® aperta a tutti! #educationfirst ! E' aperta anche alle critiche. Soprattutto alle proposte costruttive.,2,2,0.04,0.28,0.68
#14n in tutto il paese √® #scioperosociale contro il jobs act e la buona scuola.  A Roma corteo da Piazza della... http,0,0,0.75,0.22,0.03
proposta #libreitalia per #labuonascuola http da sostenere #softwarelibero #scuola #libreoffice @user @user,1,1,0.03,0.57,0.4
Caro @user grazie... Da mamma ti dico che i nostri ragazzi hanno bisogno di incontri con persone come te! #labuonascuola @user,2,2,0.02,0.12,0.85
"@user @user @user ""granularita'""???? ...ma sparatevi...altro che ""buona scuola""..!",0,0,0.54,0.23,0.23
Al circolo woody allen di Roma si parla de #labuonascuola. @user http,1,1,0.02,0.82,0.16
@user Un caloroso benvenuto da tutti gli #idoneiconcorsone2012 sostenitori de #labuonascuola,2,2,0.02,0.14,0.84
@user @user @user buona scuola di cosa? Siete inutili andate a casa almeno non continuate a far danni.,0,0,0.96,0.03,0.02
"#Scuola ""Le linee guida del Ministero dell‚Äôistruzione ‚ÄúLa buona scuola‚Äù infatti prevedono la chiusura delle GAE... http",1,1,0.12,0.79,0.09
@user @user @user @user @user √© bellissimo essere qui !! Questa √© #la buona scuola,2,2,0.02,0.04,0.94
@user @user Per fare una buona scuola  basta  chiacchere!  ma finanziamenti internet nelle scuole  attuare autonomia scolastica,0,2,0.14,0.32,0.54
La #scuola che cambia. Idee e proposte nel nostro dossier su #labuonascuola: http http,1,1,0.02,0.74,0.24
Responsabilit√† su scuola ora√® nostraaffrontiamola #labuonascuola #scuolapubblicaoggi @user @user @user @user,2,2,0.06,0.3,0.64
"@user @user ..""la buona scuola""?Nel senso buona d'animo?",0,1,0.22,0.62,0.16
‚ÄúVerso una buona scuola?!?‚Äù: incontro/dibattito sul progetto di riforma della scuola ‚Äì 14 novembre:   ... http,1,2,0.05,0.39,0.56
@user  Viva la scuola statale! Complimenti alla dirigenza attenta all'esigenza dello studente. Scuola/famiglia buona scuola!,2,2,0.02,0.05,0.93
"""La buona scuola Vs la scuola giusta"" http",0,2,0.02,0.42,0.56
Aversa: quattro proposte del Pd per la buona scuola -... http,1,2,0.03,0.47,0.5
Che bella la consultazione su #labuonascuola  Grazie @user @user e a  chi ha partecipato (soprattutto agli studenti),2,2,0.01,0.05,0.94
@user @user ma quale buona scuola ??? Guardate il concorso dei medici e vergognatevi ! #gianninidimettiti #12000 borse,0,0,0.84,0.08,0.08
Napoli - ''La buona scuola'' secondo il Partito Democratico (11.11.14):   Napoli - ''La buona scuola'' secondo... http,1,1,0.02,0.62,0.36
@user @user e tutto lo staff avanti tutta con #labuonascuola le riforme sono sempre scomede per qualcuno ma sono necessarie!!!,2,2,0.16,0.28,0.57
la buona scuola di renzi ha avuto la sua apoteosi in liguria con la beffa dei contributi per i progetti,0,0,0.46,0.36,0.18
Il contributo di LibreItalia alla consultazione pubblica #labuonascuola http,1,1,0.02,0.69,0.28
@user @user @user  ..e che la forza sia con Te! #labuonascuola,2,2,0.01,0.09,0.89
@user @user @user @user tutti favorevoli alla riforma? a noi non ci risulta...,0,1,0.38,0.58,0.04
Come fare in modo che gli studenti sperimentino l‚Äôentusiasmo della scoperta scientifica? #AmgenTeach http #labuonascuola,1,2,0.05,0.44,0.51
Siamo a #palestrainnovazione @user con #labuonascuola @user per fare un pezzo di storia della scuola italiana,2,1,0.04,0.65,0.31
io non credo nella buona scuola #labuonascuola sono solo parole #noemi,0,0,0.93,0.04,0.02
Non abbiamo paura della pioggia. A Trieste dalle 12 alle 14 per #giochiamocela #labuonascuola @user http,1,1,0.12,0.53,0.36
Capitale Europea della Cultura che combacia con la fine consultazioni de #labuonascuola: gran bel segnale :),2,2,0.02,0.06,0.93
Scuola l‚ÄôUsd: la ‚Äúbuona scuola‚Äù del Ministro Giannini? Incontri senza confronto http http,0,1,0.14,0.43,0.43
Sapri: la buona scuola per lo sviluppo locale: (Golfo di Policastro) http,1,2,0.02,0.34,0.63
Arianna Bettini del Forum provinciale dei genitori ha fatto un bell'intervento sui genitori come partner educativi #labuonascuola @user,2,2,0.02,0.08,0.9
@user ma quale buona scuola con un ministro incompetente? #gianninidimettiti miur ha combinato pasticcio su #concorsonazionale,0,0,0.95,0.03,0.02
@user vero ma anche renzi e chi ha scritto #labuonascuola dovrebbe ascoltarli,1,0,0.44,0.36,0.2
Il tour #labuonascuola oggi fa tappa al 'Luosi' di #Mirandola ristrutturato dopo terremoto 2012 e pronto a riaprire http,2,1,0.04,0.81,0.15
Topi nelle scuole di Roma http  sono buoni pure quelli? #labuonascuola #ibuonitopi,0,1,0.22,0.7,0.07
La Buona Scuola - Uno psicologo in ogni scuola per includere in maniera efficace http #labuonascuola,1,1,0.03,0.54,0.42
a #Bomporto  Inaugurazione scuola primaria Marco Polo. Un altro edificio restituito agli alunni e al personale scolastico #labuonascuola,2,2,0.02,0.17,0.81
Siamo alla frutta #labuonascuola @user @user @user @user @user @user @user http,0,2,0.02,0.15,0.83
I circoli GD della Vallesina partecipano all'iniziativa nazionale per 'La buona scuola': ecco come http,1,1,0.02,0.53,0.45
Grazie Genova! Oggi gli studenti hanno dimostrato di avere molto da dire su #labuonascuola. @user http,2,2,0.02,0.06,0.92
@user Alla media Urbani di Roma 3 professori di matematica in meno di due mesi. √à anche questa #labuonascuola ?,0,1,0.41,0.52,0.08
"""Libert√† educativa"" √® far s√¨ che le famiglie possa scegliere la buona scuola PARITARIA o STATALE! #labuonascuola #paritaria",1,2,0.05,0.29,0.66
Polomusealeadess:passaggio storico la scuola fondata sul lavoro riportare la cultura del lavoro nelle scuole  #labuonascuola #scuolalavoro,2,2,0.04,0.31,0.66
@user @user @user #tfa2014 il silenzio degli innocenti figli di un dio minore dov e' la buona scuola? Solo parole,0,0,0.81,0.16,0.03
#labuonascuola entriamo nella stanza 'Sblocca Scuola' http passando in rassegna le proposte dei partecipanti,1,1,0.02,0.83,0.16
Liceo #Majorana #brindisi a lezione di #scuoladigitale #eccellenze della #scuola italiana @user #labuonascuola http,2,2,0.03,0.46,0.51
#labuonascuola √® quella che fa errori nei Concorsi Nazionali? volete farci emigrare tutti #ssm2014 @user @user #gianninidimettiti,0,0,0.95,0.04,0.01
se anche a voi interessa la discussione su #labuonascuola  non perdete #fahrenheit  dalle 15 su @user http,1,1,0.03,0.8,0.17
@SteGiannini@matteorenzi#labuonascuola: bene aver incluso parti sociali EU in discussioni su economic case for education,2,2,0.15,0.41,0.43
@user non partecipiamo per nulla alla consultazione su #labuonascuola,0,0,0.74,0.24,0.02
@user @user La Buona Scuola - CATTEDRA MISTA PER UN'EFFICACE INCLUSIVE EDUCATION http  #labuonascuola,1,2,0.01,0.15,0.84
Per dirigente scolastico #Castenaso Gallingani #labuonascuola √® una proposta importante perch√© il futuro dell' Italia passa dagli insegnanti,2,2,0.04,0.26,0.7
"""L'italia riparte dalla buona scuola"" Prrrrrrrrrrrrrrrrrrrrrrrrrrrrrrrrrrrrrrrrrrrrrrrrrrrrrrrrrrrrrrrrrrrrrrrrrrrrrrrrrrrrrrrrrr....!!!""",0,0,0.58,0.22,0.2
La Buona Scuola - Un progetto per la distribuzione di contenuti Internet in assenza di Internet http #labuonascuola,1,1,0.03,0.72,0.25
@user @user  la grande tecnologia dell'impresa italiana non √® una sorpresa! #labuonascuola per integrare scuola lavoro!,2,2,0.03,0.09,0.88
@user  questa √® la buona scuola? Concorso con cellulari e tastiere?? Vergogna http,0,0,0.95,0.03,0.01
LBS c'√® anche la proposta della separazione degli insegnamenti di elettronica ed elettrotecnica! Votate! http,1,1,0.05,0.85,0.1
Sulla carta #labuonascuola sembra un bel progetto. Quando il governo lavora bene va riconosciuto.,2,2,0.02,0.07,0.92
#stegiannini puoi occuparti anche delle prove scritte TFA Lombardia bloccate da giorni?I prof contano meno dei medici #labuonascuola ??,0,0,0.7,0.26,0.04
LBS votate anche la proposta relativa alla PSICO-AFFETTIVITA' http,1,1,0.08,0.83,0.08
finalmente anche i sindacati entrano nella consultazione del Miur #labuonascuola  http,2,2,0.06,0.35,0.58
Al Policlinico di Roma #labuonascuola #jobsact Non apprezzano #Renzi http,0,0,0.81,0.17,0.02
La ‚Äúbuona scuola‚Äù e la formazione degli insegnanti http,1,2,0.02,0.35,0.63
@user Avanti Matteo lasciali sbraitare i novecenteschi Landini-Camusso compresi i sindacalisti dentro il PD Forza con #labuonascuola,2,2,0.07,0.15,0.78
la buona scuola dell'imbecille Giannini e del  #bullodiprovincia http,0,2,0.18,0.27,0.55
Sulla buona scuola votate la proposta relativa al MERITO http,1,2,0.09,0.45,0.46
fund raising: oltre 120000 euro reperiti in 2 anni di cui quasi 70000 direttamente a #ic15bologna anche questo √® #labuonascuola,2,2,0.06,0.2,0.74
@user #labuonascuola √© solo un mprovvisazione di chi non ha mai lavorato nella scuola. Pensateci bene,0,0,0.73,0.23,0.04
La Buona Scuola - Progetti in erba: il linguaggio progettuale nella scuola primaria. http #labuonascuola,1,1,0.03,0.57,0.4
"""22 novembre Liceo Donatello"" @user con #labuonascuola sei proprio a Milano il 22... Che fortuna ;)",2,2,0.03,0.1,0.87
@user #labuonascuola io faccio campagna perch√© nessun docente della mia scuola compili il questionario. √â comunque una battaglia facile,0,2,0.09,0.45,0.46
A discutere di scuola con @user e @user per #labuonascuola.  @user @user @user http,1,1,0.02,0.64,0.34
Benvenuto anche a @user. #labuonascuola ha bisogno di tutti. A presto al @user,2,2,0.05,0.2,0.75
I lunghi tempi di approvazione post e soprattutto commenti della consultazione mostrano che per #labuonascuola servono pi√π fatti che parole.,0,1,0.28,0.46,0.26
Ieri e oggi siamo stati a Roma all'assemblea nazionale FDS-RUN. La buona scuola? #giochiamocela http,1,1,0.04,0.66,0.29
Complimenti per la grande campagna di ascolto in atto in tutta #Italia per #labuonascuola @user. @user @user @user,2,2,0.01,0.07,0.92
#JOBSAct #labuonascuola questo governo per il lavoro e la scuola preferisce parlare ai padroni che ai lavoratori. Bello vincere facile,0,2,0.05,0.11,0.84
La Buona Scuola - Riconoscimento e sostegno delle community ‚Äúscolastiche‚Äù. http #labuonascuola,1,2,0.02,0.35,0.63
"Lo condivido con le insegnanti ... In tempi di ""buona scuola "" Buon lavoro üòä http",2,2,0.02,0.09,0.89
@user @user @user ma dove sono le risorse visto che la buona scuola taglia ancora fondi....,0,0,0.63,0.33,0.04
La Buona Scuola - Laboratori palestre d‚Äôinnovazione http #labuonascuola,1,1,0.03,0.62,0.36
La Sicilia prima tra le regioni per numero di dibattiti su #labuonascuola orgogliosa del lavoro fatto da noi @user @user,2,2,0.04,0.09,0.87
Collegio strardinario.Punto su 'La buona scuola'.Documento contro.Una collega si gira e mi dice: ho 60 anni ci vogliono parole pi√π forti.,0,0,0.71,0.19,0.1
La Buona Scuola - eCLIL per studenti cittadini digitali http #labuonascuola,1,1,0.02,0.59,0.4
@user Tutti gli #idoneiconcorsone2012 vi ringraziano per la vostra disponibilit√† al dialogo #labuonascuola,2,2,0.03,0.08,0.89
Se la noia fosse un fossile  la scuola sarebbe un museo #biondi #indire #giochiamocela #labuonascuola,0,2,0.28,0.29,0.43
@user ci sar√≤. La mia proposta per la Buona Scuola √® questo: http       @user @user @user,1,1,0.02,0.65,0.33
@user oggi riunione sulla buona scuola tutto per il suo supporto presidente! üí™,2,2,0.02,0.11,0.87
"Contro la farsa de ""la buona scuola""  #lascuola√®dichilavive! http",0,0,0.82,0.15,0.03
Tra 36 ore @user dar√† il via alla prima grande rete nazionale delle #palestrainnovazione @user #labuonascuola,1,2,0.02,0.48,0.51
C'√® un appuntamento importante con #labuonascuola anche a Rieti. Parteciperemo con entusiasmo @user. #idoneiconcorsone2012 #pantarei,2,2,0.01,0.14,0.85
#labuonascuola  alternanza scuola - lavoro :  6ML di euro per 1778 istituti tecnici  3374 euro  SCUOLA !  Premier e Ministro ridicoli !,0,0,0.96,0.03,0.01
Dopo il lavoro nei 6 tavoli tematici ci avviamo verso la conclusione #labuonascuola,1,2,0.03,0.29,0.69
Una nuova alba idonei 2012 in campo si' alla buona scuola@matteorenzi @user @user #idoneiconcorsone2012 #pantarei,2,2,0.06,0.28,0.66
Il paradosso del sorite e la consultazione su #labuonascuola #cattivascuola http,0,1,0.45,0.47,0.08
#cambiapratoOra #scuola #labuonascuola #prato #igersprato http,1,1,0.1,0.5,0.4
.@user: perch√© la #scuola digitale pu√≤ essere la vera rivoluzione http #labuonascuola http,2,2,0.02,0.13,0.85
@user La buona scuola??? Sembra il nome di una commedia!!!! Vergogna,0,0,0.96,0.03,0.01
Oggi tutti a parlare de #labuonascuola: @user a Mirandolaio a Scandicci@megmalp a Pioltello@marcocampione a Cassano...@user,1,1,0.14,0.65,0.2
Per #labuonascuola propongo 1h di #teatro a settimana obbligatoria e a tutti i livelli. Una vera #rivoluzione! http,2,2,0.02,0.15,0.83
#TFA2014 @user @user @user #riallinementotfacineca #sbloccotfasubito  ci state prendendo in giro dov e' la buona scuola,0,2,0.19,0.24,0.57
Si parler√† di ‚Äúbuona scuola‚Äù nel pomeriggio al Gargallo con la vicepresidente commissione Cultura della Camera ... http,1,2,0.02,0.47,0.52
#labuonascuola. Voce del verbo fare sul serio. Tempo: futuro prossimo. http,2,1,0.02,0.62,0.36
@user #labuonascuola #SSM adesso ci date le borse aggiuntive!!√® a dir poco vergognoso quanto accaduto@SteGiannini ti devi dimettere!,0,0,0.94,0.03,0.03
Domani con l'on @user per discutere di scuola... Per discutere del futuro del nostro paese!  #labuonascuola http,1,2,0.03,0.43,0.55
@user chiama @user risponde! Costruiamo insieme la nostra scuola @user @user @user #labuonascuola,2,2,0.02,0.46,0.52
Sai dove te la puoi ficcare la buona scuola? Vienici a trovare a scuola. Vivi anni da precario d 3fascia che vuoi cancellare.,0,0,0.94,0.04,0.01
".@user ""Stiamo sfiorando 1mln contatti su http con #consultazione paese tornato a parlare di scuola"" #Mirandola",1,0,0.56,0.4,0.04
#Leopolda5 @user bel tavolo su #labuonascuola purch√© veramente sia soltanto l'inizio. La scuola torni a essere punto di riferimento,2,2,0.03,0.07,0.9
#labuonascuola SENZA SPENDERE UN CENTESIMO! Blocco contratto fino 2018 ma scuola giro di boa e il futuro non √® roseo http,0,2,0.25,0.22,0.52
#PRATO #CambiapratoOra la campagna del Pd. Anche Prato si confronta su #labuonascuola http,1,1,0.03,0.8,0.17
@user la nostra scuola. Una buona scuola http,2,2,0.01,0.09,0.9
"Con #labuonascuola saremo tutti pi√π buoni. Peccato alcuni docenti volevano solo essere pi√π ""boni"". Sar√† per un'altra strariforma.",0,0,0.9,0.06,0.04
"""La scuola e' punto riferimento sociale e motore sviluppo"" @user ne parla con studenti del 'Luosi' di #Mirandola #tour #labuonascuola",1,2,0.03,0.43,0.54
‚Äúci hanno criticato moltissimo per la lingua con cui √® scritta #labuonascuola‚Äù - @user avete lavorato molto molto bene invece :),2,0,0.56,0.15,0.29
Con #labuonascuola finalmente il progetto della scuola-azienda diventa realt√†. I primi finanziamenti per una statua alla Gelmini.,0,2,0.02,0.22,0.75
#labuonascuola oggi √® alla sapienza assemblea nazionale @user @user,1,2,0.04,0.2,0.76
@user @user #labuonascuola √® la nostra scuola. #idoneiconcorsone2012 #pantarei,2,2,0.05,0.17,0.78
#labuonascuola allego cv di luccisano http Qualcuno trova la parola scuola? Grazie per la collaborazione,0,1,0.06,0.56,0.38
La ‚Äòbuona scuola‚Äô di Aer diversa da quella di Renzi: Si √® tenuto nel pomeriggio di gioved√¨ all'Art Caf√® di Cen... http,1,1,0.07,0.49,0.44
Si' alla buona scuola: al ruolo si accede per concorso pubblico!@matteorenzi @user @user @user #idoneiconcorsone2012,2,2,0.06,0.34,0.6
Il liceo Socrate di Roma esprime con forza la propria contrariet√† al documento #labuonascuola,0,0,0.89,0.09,0.02
"La Buona Scuola - LICEO GINNASIO STATALE  ""F. PETRARCA"" http #labuonascuola",1,1,0.04,0.84,0.12
Ora a Cagliari tour #labuonascuola una grandissima partecipazione di tutti i soggetti dell'#istruzione @user http,2,2,0.03,0.35,0.62
Dolcetto scherzetto? #Halloween #labuonascuola #Roma http,0,0,0.69,0.28,0.03
Visionari la ‚Äúbuona scuola‚Äù nelle relazioni di cinque esperti http #fb,1,2,0.01,0.15,0.84
Il @user √® fiero di promuovere la campagna per dare ai nostri ragazzi un degno futuro educativo. #labuonascuola http,2,2,0.02,0.09,0.89
@user i+vivi complimenti a1paese incapace di portare avanti1concorsoXaspiranti docenti!La buona scuola?Lo schifo di scuola!!#tfa2014,0,0,0.95,0.03,0.02
@user @user @user per fare una buona scuola servono buone teste,1,1,0.1,0.51,0.39
@user @user @user l'intervento degli studenti ci interessa moltissimo #labuonascuola a Milano,2,2,0.08,0.37,0.55
@user @user @user A essere del tutto irrazionale invece √® la logica di bilancio scolastico dello Stato. #labuonascuola(?),0,0,0.4,0.33,0.28
Delibera del Collegio dei Docenti del Liceo L. Pasteur di Roma su la ‚Äúbuona scuola‚Äù... http,1,1,0.03,0.65,0.32
@user @user parteciperemo con entusiasmo @user @user #labuonascuola passa da tutto il paese,2,2,0.02,0.18,0.8
@user (@user): #labuonascuola? Praticamente √® il nulla! #sapevatelo #SenzaFiltri #Radicali #scuola #Renzi,0,0,0.91,0.07,0.02
AetnaNet - Su La buona scuola - I docenti dell'IISS 'Carlo Gemmellaro' di Catania http via @user,1,1,0.02,0.81,0.17
@user @user al convegno. Noi speriamo che anche la Lombardia diventi sempre piu'#labuonascuola,2,2,0.04,0.22,0.74
@user @user @user per #labuonascuola bisogna averne una. A L'Aquila 6000 bambini sono ancora nei MUSP #matteofaiscuola,0,1,0.28,0.56,0.16
Idee progetti e proposte per #labuonascuola a Prato con @user sabato 8  h15 http http,1,1,0.01,0.76,0.23
Cambiamo la scuola e rispondiamo all'appello della #labuonascuola del @user @user #rnext14,2,1,0.09,0.65,0.26
@user @user @user @user parlate solo di buona scuola ormai...e per gli scandali al concorso di spec. Med.?,0,0,0.84,0.14,0.02
La 'buona scuola' si chiuder√† a Matera - Il 15 novembre: l'annuncio del Ministro Stefania Giannini http,1,1,0.04,0.71,0.25
Noi siamo per #labuonascuola ministro @user e la sosteniamo con forza idee ed entusiasmo. #idoneiconcorsone2012 #pantarei,2,2,0.02,0.12,0.86
La valutazione dei docenti nella buona scuola e' vergognosa,0,0,0.96,0.03,0.02
"Metti un ""like"" per la #scuola paritaria #iniziativa http #labuonascuola",1,1,0.03,0.65,0.32
Non sono mai stato a Rieti @user. Me ne parlano bene. Sar√† bello venirci per #labuonascuola. #idoneiconcorsone2012 #pantarei,2,2,0.03,0.07,0.9
@user luccisano √® un tuttologi. Si √® interessato di tutto tranne che di scuola dimmi tu cosa pu√≤ sapere di problemi de #labuonascuola,0,0,0.91,0.07,0.02
Per parlare de #labuonascuola tutti invitati a Corridonia (MC) stasera alle 21 al Cine-teatro Lanzi http,1,1,0.02,0.77,0.21
Per partecipare al cambiamento della scuola dei nostri figli guarda il su http . Non ci lamentiamo e partecipiamo.,2,2,0.05,0.21,0.74
"La prossima volta caricherete gli studenti che rivendicano una ""buona scuola""? Per il bene dell'Italia andate a casa! @user  vergogna",0,0,0.95,0.03,0.02
La buona scuola della Gilda http,1,2,0.03,0.34,0.63
Caratteristica centrale de #labuonascuola √® quella di *ascoltare* i bisogni di chi lavora nella scuola (Vicesindaco di Como) @user,2,1,0.06,0.66,0.28
La voglia di conoscenza di mia figlia di 9 anni sta venendo erosa giornalmente dalla scuola che per ora non √® affatto #labuonascuola.,0,0,0.73,0.1,0.17
"""Serve una scuola che non chiuda alle 14.30 e che formi al lavoro"" @user #visionaridellascuola #labuonascuola #Potenza",1,2,0.11,0.26,0.63
Eccellente opportunit√† di confronto grazie a #labuonascuola e Capo Dipartimento Chiappetta per Dirigenti e docenti di VareseComo @user,2,2,0.01,0.12,0.86
Figlio di prima media ancora senza insegnanti di matematica e altre 3 materie #matteorenzi #labuonascuola dove? Emilia,0,0,0.91,0.07,0.01
La buona scuola la fanno gli insegnanti | MammaMoglieDonna http,1,2,0.03,0.34,0.63
@user @user #labuonascuola √® #favolosa grazie a questo!!!,2,2,0.01,0.04,0.95
"Alla ""Buona scuola"" noi rispondiamo con la ""Vera scuola""! #noallabuonascuola #laverascuola #sfplm85bis #",0,2,0.05,0.33,0.62
Su La buona scuola - I docenti dell'IISS 'Carlo Gemmellaro' di Catania http,1,1,0.03,0.83,0.13
Changing Italy.Transformation+service design for La Buona Scuola - Laboratori palestre d‚Äôinnovazione http #labuonascuola,2,1,0.04,0.56,0.4
@user chieda a #Renzi perch√® docenti abilitati PRECARI storici della suola sono esclusi da #labuonascuola. #ottoemezzo #MIDAperRUOLO,0,0,0.92,0.07,0.02
1.800 proposte per 'La buona scuola' http,1,1,0.03,0.53,0.44
150 dibattiti per #labuonascuola 27 solo in Sicilia perch√© per raggiungere tutti nn basta essere online @user http,2,1,0.22,0.7,0.08
Quando la scuola √® buona e non √® #labuonascuola  http http,0,1,0.24,0.46,0.3
Anche @user contribuisce al dibattito con l'aiuto di @user e Domenico Bongiovanni. #labuonascuola http,1,2,0.01,0.18,0.81
"#labuonascuola allo Yif Luccisano ""Potevamo intraprendere la strada del decreto invece ci confrontiamo con tutti"" @user #Yif2014",2,1,0.11,0.5,0.38
"A cosa servono consultazioni pubbliche stanti questi presupposti? L'ipocrisia della ""partecipazione"". #labuonascuola http",0,0,0.95,0.04,0.01
"@user parleremo di ""buona scuola"" solo quando le consultazioni saranno libere. http",1,1,0.03,0.6,0.37
Venerd√¨ sera sar√≤ relatore all'iniziativa su riforma scuola del Pd Reggello. Partiremo da qui #labuonascuola http,2,1,0.02,0.71,0.28
@user questo significa nuove tasse per studenti e famiglie # la buona scuola#Matteo@stai sereno# Matteo la mette li si proprio li,0,2,0.05,0.23,0.71
Luned√¨ 10 alle 21al circolo @user parleremo di #labuonascuola con @user e @user grazie a @user per l'invito,1,2,0.01,0.4,0.59
#labuonascuola #pavia @user governance autonomia scuole aperte. Poter ridiscutere tutto con genitori e studenti anche didattica,2,2,0.08,0.33,0.59
Nel documento #labuonascuola la parola #biblioteca non c'√®  roba vecchia che non serve pi√π? @user  @user #scuola #lettura,0,0,0.64,0.32,0.04
I Giovani Democratici lanciano l'iniziativa ‚ÄúLa buona scuola‚Äù - gonews http,1,2,0.02,0.43,0.55
@user eppure c'√® chi vorrebbe costruire un muro pi√π insormontabile..ma noi lasciamo correre..w la buona scuola #idoneiconcorsone2012,2,2,0.37,0.23,0.4
1 solo ateneo italiano tra i migliori 200 al mondo. Per il paese della #cultura non √® possibile. #labuonascuola http,0,2,0.11,0.14,0.74
Una consultazione oggi per una scuola migliore domani io ho risposto: http #labuonascuola,1,1,0.04,0.55,0.42
@user #labuonascuola ora √® anche giusta! Finalmente riconoscimento del merito dei #vincitorisenzacattedra e priorit√† nelle assunzioni!,2,2,0.05,0.09,0.86
Senza sostegno scuola negata per i disabili. L'altra faccia dell'istruzione italiana. http @user #labuonascuola?,0,0,0.94,0.05,0.01
Votate la proposta di Educazione psico-affettiva da introdurre nelle scuole sul portale de La Buona Scuola: http  grazie,1,1,0.03,0.64,0.33
Caro @user ha ragione! Evidentemente i sindacati sanno fare solo quello... Noi siamo per #labuonascuola! #idoneiconcorsone2012,2,0,0.48,0.17,0.35
Le grida manzoniane della buona scuola http http,0,0,0.75,0.1,0.15
Ora gruppo PD VII commissione con @user per discutere dei nostri emendamenti alla legge di stabilit√† #labuonascuola  #opencamera,1,1,0.03,0.76,0.22
#idoneiconcorsone2012 @SteGiannini@Fusacchia@matteorenzi La protesta nn ci spaventa! Risolleviamo una nazione con La buona scuola!,2,2,0.3,0.2,0.5
@user @user parlate di buona scuola quando le darete soldi e indipendenza dal clero.,0,0,0.36,0.35,0.29
La buona scuola digitale con la fondazione mondo digitale presenta la propria attivit√† . http,1,1,0.03,0.5,0.47
Grazie @user e @user x l'accoglienza. Grazie anche a @user x le domande cattivelle :) Avanti verso #labuonascuola,2,2,0.02,0.05,0.93
@user @user @user @user @user @user  #labuonascuola non √® la scuola,0,1,0.28,0.61,0.11
#labuonascuola: 1.908 proposte nelle stanze http 1.155 dibattiti http Aiutaci a riscrivere la Scuola!,1,1,0.12,0.63,0.25
Segreteria dei @user su proposte di legge riforma scuola e lavoro. Ci siamo!! #diarionazionale http,2,2,0.02,0.4,0.58
#annuncite Varata #labuonascuola.gov per il 2015 si tagliano 148milioni alla scuola pubblica e se ne danno 200 alla privata,0,1,0.28,0.63,0.09
Sondaggio La Buona Scuola http #labuonascuola #merito #carriera #precari Partecipa al sondaggio online di @user,1,1,0.02,0.67,0.31
Sar√† bellissimo ascoltare la voce di tutti. Campagna di ascolto #labuonascuola nessuno si senta escluso @user http,2,2,0.01,0.05,0.94
Care persone ignoranti se non vi interessa la buona scuola di Renzi e gli aspetti negativi andate a fanculo voi e la vostra vita nel futuro,0,0,0.91,0.06,0.03
"""In Finlandia esiste discriminazione punitiva: se una scuola rimane indietro si insiste e si finanzia di pi√π"" #labuonascuola #invalsi",1,0,0.84,0.13,0.03
#labuonascuola si fa con pi√π apprendistato anche a scuola. A #giornataEducation presentato modello Enel. http,2,1,0.03,0.56,0.42
Dopo tutti i twitt su #labuonascuola almeno un segnale di fumo a noi medici prossimi al #concorsonazionale lo poteva mandare @user !!,0,0,0.47,0.24,0.3
"""In Finlandia non fanno pi√π valutazione esterna perch√© in 50 anni √® diventata una prassi per tutti"" Poliandri #invalsi #labuonascuola",1,1,0.45,0.48,0.07
"I Giovani Democratici in campo per la ""buona scuola"" http",2,2,0.02,0.44,0.54
Grazie a #labuonascuola meno 148milioni di euro nel 2015 421 entro il 2017 all'istruzione.  Stiamo cambiando verso Matteo (in peggio).,0,0,0.81,0.12,0.08
A proposito de La buona scuola http http,1,2,0.04,0.47,0.48
Bolzano #labuonascuola √® prima di tutto ascoltare... http,2,1,0.03,0.72,0.25
@user @user @user  titolo di sostegno a gente che dopo anni fa il corsetto per entrare in ruolo! #labuonascuola,0,2,0.04,0.13,0.84
La scuola buona http #labuonascuola @user,1,2,0.02,0.11,0.88
#LavagnaPd x #labuonascuola @user 'Finalmente il governo in modo trasparente ha inserito la scuola al centro della propria azione',2,2,0.06,0.3,0.64
#labuonascuola@SteGiannini @user @user abilitazione ai diplomati..e noi che abbiamo laurea e titoli? Ora anche il sostegno?,0,2,0.17,0.38,0.45
la buona scuola ...che ne pensate?,1,1,0.12,0.49,0.39
Incontro @user a #Aquila per #labuonascuola. Ha partecipato #uscr con #scuoleabruzzo.Complimenti per quanto si sta facendo @user,2,2,0.04,0.18,0.78
Mi arrendo #labuonascuola √® la miglior scuola possibile Renzi il miglior presidente di consiglio possibile @user @user @user,0,2,0.04,0.06,0.9
La ‚Äòbuona scuola‚Äô secondo L‚Äôaltra Emilia Romagna - http http,1,2,0.02,0.39,0.58
@user il fronte della conservazione √® agguerrito ma anche noi lo siamo. #idoneiconcorsone2012 sono per #labuonascuola. Ora o mai pi√π.,2,0,0.78,0.12,0.09
@user @user l'aiuto si chiede prima di pubblicare un documento che sconosce #scuola #labuonascuola siamo noi che ci lavoriamo,0,1,0.17,0.47,0.37
Alla camera alla riunione dei gruppi pd camera e senato con @user #stabilit√† #labuonascuola @user,1,1,0.07,0.68,0.25
@user @user vi aspetto allora! Per fare #labuonascuola,2,2,0.01,0.17,0.81
@user#labuonascuola violinista docente precario non pu√≤ partecipare ad un Festival in Svezia perch√© la scuola non concede permessi,0,0,0.86,0.12,0.01
http  Compilate a prescindere dal colore politico.. Abbiamo bisogno del parere di tutti!,1,1,0.27,0.63,0.11
@user ci spero anche io :-) #labuonascuola,2,2,0.01,0.08,0.91
@user Alla faccia de #labuonascuola...questa scuola qui fa accapponare la pelle!!! -_-,0,0,0.45,0.12,0.43
Anche la ns agenzia il 6/11 tra i giurati per i progetti di #Gioventuitaliana @user #erasmusplus #labuonascuola,1,1,0.03,0.58,0.39
@user senatore non le ho ancora chiesto un'opinione su #labuonascuola. A me sembra finalmente un tentativo serio di riforma.,2,2,0.18,0.29,0.52
Quanto perderanno i docenti beffati da Renzi #esamedistato #labuonascuola #cattivascuola http,0,0,0.93,0.06,0.02
Domani sera ore 21.05 vi aspettiamo alla sala civica di via dell'Eremo a Lecco. Noi #cisiamo! tu? #labuonascuola http,1,1,0.02,0.66,0.32
#labuonascuola #LAquila @user #USRC accessibilit√† finanziamenti scuola sicura,2,1,0.03,0.49,0.48
Che differenza c'√® tra la proposta della Brambilla di assumere i precari nel turismo e #labuonascuola?,0,1,0.33,0.6,0.08
Ci sono ancora 11 giorni per partecipare #consultazione #labuonascuola http http,1,1,0.02,0.65,0.34
#labuonascuola la Scuola √© buona se √© sicura! Vorremmo che fosse il leit motiv della ri-costruzione della Scuola Italiana PARTECIPIAMO,2,2,0.11,0.2,0.69
A Palermo cariche contro minorenni che hanno osato contestare il ministro giannini presente.  La buona scuola? http  #M5S,0,0,0.87,0.1,0.03
ecco come #labuonascuola premia le docenti! http,1,2,0.03,0.18,0.79
Grande partecipazione #labuona scuola,2,2,0.02,0.05,0.93
@user con tutto il rispettola buona scuola di sti caxxi! Tra 5 gg ho un concorso e ancora non so dove e a che ora! #andatealavorare,0,2,0.32,0.17,0.5
#HighSchoolRadio √® sul sito de #LaBuonaScuola! Ecco il link: http E' possibile votare entro il 15 novembre: forza!,1,2,0.01,0.3,0.69
L'occasione l'avrai tu e tutti gli altri studenti che vorranno perch√© non saranno comizi ma incontri #labuonascuola http,2,2,0.03,0.48,0.5
La Riforma della scuola Renzi Giannini non √® quello che ci vuole per la scuola #labuonascuola @user... http,0,0,0.85,0.14,0.02
La buona scuola. A #Lecce le proposte dell'#AIMC #leccenews24 http,1,2,0.02,0.23,0.76
@user @user ecco la scuola che verr√† @user @user #gentechevuolecambiare per fare #labuonascuola ci vuole coraggio,2,2,0.08,0.39,0.53
"#labuonascuola: tutti che si affannano a dire la loro che poi sar√† ""sintetizzata"" dai Dirigenti!! Apposto!!! Astenetevi! @user",0,0,0.96,0.03,0.02
La Buona Scuola: siete d'accordo con le proposte pi√π popolari? #buonascuola #labuonascuola - http via @user,1,1,0.03,0.63,0.34
.@user @user @user @user #labuonascuola  con il gusto della vera cultura nutre l'intelletto e fa crescere!,2,2,0.02,0.12,0.86
Una consultazione di ‚Äúregime‚Äù per organizzare il plebiscito a sostegno della ‚Äúbuona scuola‚Äù di Renzi http #lacattivascuola,0,1,0.09,0.55,0.37
"Formazione e ascolto al centro della ""buona scuola"" http",1,1,0.01,0.55,0.44
Sar√† la pi√π straordinaria riforma dal basso mai fatta in Italia.  #enews @user http,2,2,0.05,0.14,0.82
"@user @user E si parla di ""buona scuola""?",0,1,0.12,0.8,0.09
"La Buona Scuola - ""La buona Educazione Motoria nella scuola primaria"" http #labuonascuola",1,2,0.02,0.35,0.63
beh partecipare pu√≤ far solo bene... http http,2,2,0.02,0.08,0.9
"""Il colpo di grazia alla #scuola"" http Editoriale @user sull'infornata dei 140mila #precari (#labuonascuola?)",0,2,0.28,0.26,0.46
"http ""La buona scuola"" anche a Menfi",1,2,0.02,0.41,0.56
@user @user @user @user @user @user partecipa tu c'√® posto per tutti ne #labuonascuola,2,2,0.02,0.32,0.67
@user ma adesso arriva la buona scuola...e siamo tutti felici :-) @user,0,2,0.02,0.05,0.93
Mercoled√¨ 12/11 al Circolo Carminelli parliamo di #scuola digitale e di #cyberbullismo #labuonascuola #milano http,1,1,0.03,0.77,0.2
@user @user @user @user #labuonascuola il paese parla di scuola #pazzadigioia,2,0,0.94,0.04,0.02
"Ecco dove si possono argomentare dissenso e critiche alla ""buona scuola"" di Renzi: http @user @user @user",0,0,0.64,0.25,0.11
#labuonascuola  √® anche l'universit√†! @user @user @user,1,2,0.05,0.35,0.61
Ci sono tante possibilit√† che ancora non abbiamo scoperto √® ora di farlo. #labuonascuola #digitale #ora,2,1,0.12,0.58,0.3
Licenziamento docenti abrogazione dell #articolo18 il governo tiene molto alla piena occupazione  in italia #labuonascuola,0,2,0.23,0.25,0.52
La buona scuola - PAROLA D'ORDINE: LIBERARE RISORSE PER LA RIPRESA | ITP - L'Orizzonte della Scuola http,1,1,0.04,0.5,0.46
@user @user @user con @user iniziamo a farlo. Anche questa √® #labuonascuola,2,2,0.02,0.28,0.7
#labuonascuolaunpaiodipalle# tolta la merenda ai bambini della materna topi nelle scuole disabili senza sostegno  niente bis se hai fame,0,0,0.93,0.05,0.02
Sto rispondendo al questionario su La Buona Scuola: http #labuonascuola,1,1,0.02,0.74,0.24
"@user grazie per aver ricordato ""A scuola si cresce sicuri"" formate 1.800 persone #labuonascuola http",2,2,0.02,0.11,0.88
La buona scuola di Matteo? Una camurria! http,0,0,0.64,0.11,0.24
"MCE sul progetto ""La buona scuola"" http",1,1,0.02,0.79,0.2
La buona scuola esiste gi√† e pu√≤ crescere solo con l'impegno di tutti http,2,2,0.03,0.28,0.69
@user le risorse della scuola pubblica alle private... Questa √® la buona scuola!,0,2,0.04,0.12,0.84
Sacro Cuore Napoli - Consultazione sulla buona scuola http,1,1,0.02,0.75,0.23
@user avanti con #labuonascuola http,2,2,0.01,0.19,0.8
Ok alla riforma della maturit√† un miliardo per la buona scuola: http per #labuonascuola? Nulla di buono purtroppo,0,0,0.8,0.14,0.07
La buona scuola facciamola insieme http via @user,1,2,0.02,0.43,0.56
@user sempre in prima linea x la buona scuola??!!!!! #idoneiconcorsone2012 in prima linea con lei.. AVANTI TUTTA,2,2,0.03,0.13,0.85
quanto fa 1 miliardo se taglio 650 milioni?fa #labuonascuola che basterebbe fare #lascuolapubblica senza altri aggettivi? #lacattivascuola,0,0,0.82,0.16,0.03
La #scuola di Renzi /3. #Autonomia valutazione e programmi- di Mauro Piras  http #labuonascuola http,1,1,0.02,0.9,0.08
#labuonascuola noi docenti di III fascia il sangue che fa vivere la scuola#MIDAperRuolo#PAS2015,2,2,0.04,0.21,0.75
@user risorse che eviteranno all'Italia la pesante multa della corte europea. Ministro #labuonascuola √® fatta di dettagli che ignora,0,0,0.4,0.21,0.39
"http miglioriamo la scuola: una collaborazione degli storici della lingua a ""La buona scuola"" di Renzi",1,2,0.04,0.39,0.58
@user Possiamo fare entrambe le cose: educare genitori e figli investendo nella scuola. Una buona scuola √® un'ottima medicina.,2,2,0.02,0.15,0.82
"@user @user La buona scuola la fanno gli insegnanti.La ""buona scuola"" e' solo una truffa. Esempio sui  #Quota96Scuola",0,0,0.86,0.11,0.03
La Buona Scuola - Formazione dei docenti http #labuonascuola,1,1,0.02,0.79,0.18
Punto  e a capo con #Renzi #labuonascuola #lavoltabuona http,2,2,0.03,0.09,0.88
@user @user cos√¨ colleziona solo brutte figure. In platea tutti delusi altro che #labuonascuola,0,0,0.96,0.03,0.01
@user #labuonascuola Manifestazione a commento della nuova #legge sulla #Scuola,1,1,0.03,0.76,0.22
@user siamo tutti concordi! dalle parole ai fatti x poter competere in Europa nel #labuonascuola lo studio delle lingue fondamentale,2,2,0.1,0.31,0.6
@user @user @user @user Nel DEF 1 mil. di taglialtro che buona scuola!Precari ass. solo x evit.proc.di infraz.,0,0,0.48,0.19,0.33
Venite a Roma il 10 novembre alla #palestrainnovazione di @user con @user per #labuonascuola,1,1,0.02,0.67,0.31
@user del MIUR #labuonascuola un paese che riscopre la propria vocazione e l'accordo tra scuola e lavoro #CometaSI,2,2,0.03,0.11,0.87
@user tolti commissari tolti ata tolta la 3 tolte le supplenze brevi..buona scuola? W l Itaglia,0,2,0.25,0.34,0.41
Mimesis Scenari / Damiano Cantone : Cosa c'√® di buono nella buona scuola . Leggi http,1,2,0.03,0.27,0.7
@user e grazie anche a studenti docenti e a chi ha lavorato perch√© @user diventasse realt√† #labuonascuola @user,2,2,0.05,0.15,0.81
Cariche della polizia contro gli studenti minorenni del regina margherita.. Questa e la buona scuola che ha in mente il governo #renzi,0,0,0.88,0.07,0.05
La buona scuola. News. Istituto Barbarigo http,1,1,0.02,0.65,0.33
Solo l'inizio. Perch√© #labuonascuola funziona se c'√® la disponibilit√† di tutti a partecipare e contribuire al piano http,2,2,0.02,0.26,0.72
@user peccato che ai vari incontri della vs buona scuola le domande le dobbiamo concordare con voi prima di farvele. Sfplm85bis.,0,0,0.83,0.14,0.03
Maggiore ascolto degli studenti e porre alla base della buona scuola l‚Äôaspetto dell‚Äôorientamento formativo in... http,1,2,0.05,0.39,0.56
Gli #idoneiconcorsone2012 credono nella #scuola soprattutto ne #labuonascuola @user. Buon lavoro :),2,2,0.02,0.09,0.89
@user Non importa. Il punto √® che tutto √® gi√† deciso. E molti abboccano a #labuonascuola #cattivascuola,0,2,0.05,0.33,0.62
‚ÄòLa buona scuola‚Äô 88mila partecipanti alla consultazione online http,1,2,0.01,0.39,0.59
@user @user si studia cineserussocodingteatromusicacittadinanza #labuonascuola passa da @user grazie ai docenti!,2,2,0.03,0.43,0.54
@user S√≠ rispetto agli #esamidistato dobbiamo a lui lo stop a tutti interni e tutti 100. #labuonascuola #cattivascuola,0,2,0.16,0.22,0.62
@user Dove investire nella formazione del paese: La ‚Äúbuona scuola‚Äù del Governo Renzi... http #economia #politica,1,2,0.03,0.37,0.6
I migliori auguri a @user per la delega alla Scuola nella nuova segreteria del PD gli #idoneiconcorsone2012 appoggiano #labuonascuola!,2,2,0.02,0.06,0.93
@user propagandando la vs buona scuola vi tirate la zappa sui piedinon serve pubblicit√† ma fatti concreti e soluzioni intelligenti,0,0,0.72,0.15,0.13
Ministro Giannini al liceo Galilei di  #Verona per Libriamoci e 'La buona scuola' http,1,1,0.02,0.82,0.16
#Avvenire dedica un grande spazio (buono) al lavoro delle associazioni studentesche #Studenti attenti! http #labuonascuola,2,2,0.02,0.07,0.92
@user @user @user @user @user e neppure semplificabile in d√©pliant come la buona scuola,0,0,0.86,0.11,0.03
La buona scuola - Ecco cosa sta emergendo dal sondaggio http,1,2,0.02,0.48,0.5
@user I docenti precari delle Gae apprezzano la buona scuola...,2,2,0.04,0.1,0.85
@user #Quota96Scuola dov'√® la buona scuola? Nei tagli indiscriminati? Nel blocco degli stipendi? Negli impegni non mantenuti?,0,0,0.74,0.23,0.03
La buona scuola:¬´ Ufficio VIII ambito territoriale per la provincia di Brindisi http via @user,1,1,0.02,0.88,0.1
@user banchi di prova per #labuonascuola noi ci siamo @user per costruire insieme @user la scuola del futuro,2,2,0.03,0.37,0.6
"@user @user @user @user sono inca..atissima per l' indifferenza della scuola""sul campo""degli ""arruolati"" per #labuonascuola",0,0,0.81,0.06,0.12
"intervista su radio crc ad Angelo Palumbo su ""la buona scuola"" e sull'associazione ""Panta rei"" http",1,1,0.03,0.84,0.13
@user @user @user @user @user non solo per docenti! Tutti sono invitati a costruire #labuonascuola,2,2,0.04,0.28,0.69
Con una mano si da e con l'altra si leva e la buona scuola va avanti come pu√≤. Se si vuole risparmiare bisogna decentrare ma ancora niente,0,2,0.06,0.33,0.61
#prato #8novembre#cambiapratoora#scuola idee progetti e proposte #labuonascuola iscriviti su http http,1,1,0.03,0.7,0.27
Il ministro #Giannini augura buon primo giorno di scuola con un tweet: ‚ÄúVi vedo spegnete quei cazzo di telefoni‚Äù. #labuonascuola,2,2,0.41,0.14,0.45
@user @user lavorare anche a 63-64-65-66 anni #labuonascuola con le badanti per i #Quota96Scuola?????,0,1,0.18,0.75,0.08
#labuonascuola Trapani adesso. Costruiamo insieme la scuola di domani. http,1,2,0.01,0.38,0.61
Ragionare su #scuola √® gi√† #labuonascuola @user @user @user @user @user @user #lascuolachevorrei,2,2,0.05,0.2,0.75
@user Crediti formativi a chi collabora alla festa del Pd. Anche questo √® #labuonascuola ? NO COMMENT!!,0,2,0.31,0.23,0.46
.@user @user @user per #labuonascuola  domani 30 ottobre a Milano Zona 7 http http,1,1,0.01,0.88,0.11
@user grazie prof! #labuonascuola siamo noi. Tutti noi. @user @user @user,2,2,0.02,0.12,0.86
http #labuonascuola #demagogia #megliolaLip!,0,2,0.15,0.25,0.61
Amici del @user sapreste forse aiutarmi a trovare maggiori informazioni a proposito dell'incontro de #labuonascuola a #Trieste?Grazie,1,1,0.16,0.65,0.19
Oggi inizia il percorso per cambiare la scuola insieme a tutti.  http,2,2,0.02,0.43,0.55
"Tradate - La ""buona scuola""  a Varese: un'occasione sprecata | Scuola | Varese News: Tradate - C'erano solo di... http",0,0,0.75,0.18,0.07
Domani 30 ottobre #labuonascuola si incontra a Frosinone h 17 villa Comunale http http,1,1,0.02,0.84,0.14
Infinite grazie al Ministro @user: #labuonascuola condivisa e riconosciuta!   @user,2,2,0.01,0.05,0.94
Sulla scuola ancora tagli e supplenti a casa.se questa ebuona scuola siamo propio col culo x terra.,0,0,0.52,0.18,0.29
Ho aperto un sondaggio su un gruppo fb con 5000 iscritti quasi tutti insegnanti: avete letto #labuonascuola?,1,1,0.06,0.85,0.09
"@user i 150.000 insegnanti che #labuonascuola vuole assumere hanno tutto ""il merito""e hanno superato pi√π concorsi! #finoallultimoidoneo",2,2,0.1,0.12,0.77
@user non hanno rispettato neanche i tempi di scadenza della partecipazione degli italiani al dibattito sulla buona scuola!,0,0,0.9,0.08,0.02
Cosa aspetta il popolo delle famiglie a raccogliere la sfida de #labuonascuola? @user http,1,1,0.06,0.86,0.08
Da oggi inizia la #labuonascuola anche a Lentate partecipiamo per essere protagonisti e non spettatori.,2,2,0.04,0.48,0.48
@user @user competenti. L''usr √® una tragedia.  Qui non si parla ancora di #labuonascuola# di edilizia scolastica e ....,0,0,0.96,0.03,0.01
La rete professionale parte da scuola universit√† e social @user @user @user #labuonascuola @user http,1,1,0.01,0.86,0.13
Buon primo giorno di scuola! √à l'Italia che cresce. #labuonascuola si scrive insieme a insegnanti studenti famiglie,2,2,0.01,0.11,0.87
La ‚Äúbuona scuola‚Äù di Renzi e Giannini e le proteste degli studenti ... #renzi http,0,1,0.38,0.41,0.22
.@user con #labuonascuola a Pordenone  http http,1,1,0.02,0.76,0.22
"Buongiorno e ""buona scuola"" a tutti... finalmente √® proprio il caso di dirlo!",2,2,0.02,0.1,0.88
Che bello no? Ah no? Non √® la buona scuola? Ah no? E' solo la Legge di Stabilit√†. Il meglio deve ancora venire. http,0,2,0.18,0.12,0.69
http se ne parla anche domani ad #eSkillsRome #labuonascuola #eskills,1,1,0.02,0.78,0.2
Si ricomincia sperando che sia davvero l'anno de #labuonascuola! #scuola #primogiornodiscuola,2,2,0.02,0.11,0.87
#labuonascuola ci fanno compilare anche le schede di istituto sui punti del rapporto. Fortuna che si tratta di consultazione libera,0,2,0.08,0.29,0.63
La buona scuola - Momento di ascolto e dibattito (IL PROGRAMMA) http,1,1,0.01,0.8,0.18
#labuonascuola una bella iniziativa di condivisione grazie alla Loescher che mi ha permesso di farlo (scaricafree) http,2,2,0.01,0.05,0.94
Crollano soffitti nei licei a Padova Roma e Napoli: tragedia sfiorata. Cercasi #labuonascuola (Leggi: http @user,0,0,0.88,0.1,0.02
La Buona Scuola - PROPOSTA PER LA MOBILITA‚Äô INTERNA (passaggio di cattedra) DEI DOCENTI GIA‚Äô DI RUOLO http #labuonascuola,1,1,0.03,0.73,0.24
Il cambiamento passa anche da qui! #labuonascuola cc @user @user @user,2,2,0.04,0.37,0.6
In piazza maggiore parlano gli studenti: questa √® la buona scuola! #16O #iosciopero @user @user @user @user,0,2,0.03,0.12,0.85
"MARTED√å 11 NOVEMBRE ORE 15 PALAZZO KURSAAL GIULIANOVA LIDO MARCELLO PACIFICO commenta ""La buona scuola"" partecipa... http",1,1,0.05,0.82,0.13
#idoneiconcorsone2012 Sinceri auguri @user! A lei una 'buona giornata' a noi una 'buona scuola'!,2,2,0.01,0.09,0.9
@user @user #labuonascuola mi fa impazzire sopratutto in merito alla Morale all'Umanit√† all'Eccellenza di certo Corpo Docente,0,0,0.81,0.06,0.13
Oggi due riunioni: con @user e @user parliamo della campagna #labuonascuola,1,1,0.02,0.56,0.41
Caro Saviano come fai a non capire che proprio chi sa benissimo che fare (e cosa serve al paese) pensa a cambiare la scuola? #labuonascuola,2,0,0.87,0.1,0.03
Il sindacato degli studenti: ‚ÄúLa buona scuola del Governo? Ecco invece la¬†nostra‚Äù http,0,1,0.14,0.7,0.16
articolo 1 della #Lip legge di iniziativa popolare per una buona scuola per la Repubblica http,1,1,0.05,0.64,0.31
#idoneiconcorsone2012 http appoggiano e supportano #labuonascuola! #merito e proficua collaborazione questo offriamo !,2,2,0.03,0.1,0.86
@user @user in bocca al lupo per il concorso 2015 a 40000 posti. La vostra buona scuola non merita buoni docenti!,0,2,0.06,0.09,0.85
@user incontro 2 su #labuonascuola stasera ascoltiamo la voce degli studenti con @user @user http,1,1,0.01,0.71,0.28
@user e ora? Le chiedo cosa fare ancora?ci credo #labuonascuola ha bisogno di innovazione passione #ilcoraggiodicambiare nn deludeteci,2,0,0.55,0.27,0.18
La buona scuola passo dopo passo verso lo sfascio,0,0,0.88,0.09,0.03
@user √® nella top-30 dei #pi√πtwittati nelle ultime 2 ore con hashtag #labuonascuola #vitadaprof #scuola http,1,2,0.04,0.33,0.64
Storia della #musica nelle scuole superiori? S√¨ grazie #scuola #labuonascuola http,2,2,0.03,0.48,0.49
#labuonascuola Riuscire a far peggio della Moratti non √® facile ma ci sta riuscendo Ministro @user,0,2,0.15,0.14,0.71
@user CircoloPDMarconi-Roma chiede tua disponibilit√† iniziativa scuola #labuonascuola gennaio 2015,1,1,0.07,0.63,0.3
@user anche #labuonascuola fermenter√†. Ne siamo certi. #idoneiconcorsone2012 #finoallultimoidoneo,2,2,0.08,0.27,0.65
Luccisano un trentenne che si permette di dire a noi insegnanti da pi√π di trenta anni come fare #labuonascuola. Pensiamoci,0,2,0.09,0.22,0.69
Gallery I incontro su #labuonascuola e partecipazione del @user ai tavoli di discussione #Leopolda5  http,1,1,0.01,0.79,0.2
@user @user #labuonascuola √® un'ottima riforma precari assunti diventano cittadini sereni che pensano solo al bene della scuola,2,2,0.03,0.08,0.89
@user no..no no...va benissimo...no anche alla buona scuola...cagata pazzesca,0,0,0.88,0.05,0.07
segna in agenda che l'8 novembre alle 15 ci vediamo per contribuire con le idee di #Prato a #labuonascuola #cambiapratoOra #scuola,1,2,0.03,0.37,0.6
Puntare su educazione istruzione e formazione non √® pi√π rinviabile. #labuonascuola contiene progetto educativo che coinvolger√† tutti #teha,2,2,0.17,0.41,0.42
Realismo e conservatorismo nella scuola pubblica #labuonascuola #lascuolacrepa http,0,1,0.09,0.58,0.33
La Buona Scuola - Project... Azione! http #labuonascuola,1,2,0.02,0.42,0.56
@user @user avanti con la buona scuola#idoneiconcorsone2012,2,2,0.02,0.13,0.85
Ancora nessun finanziamento dal MIUR per avvio corsi a.a.2014/15 @user @user @user #labuonascuola,0,1,0.29,0.63,0.08
#labuonascuola alla sala della Regione di Pordenone,1,1,0.03,0.58,0.39
#sfplm85bis e le proposte per la buona scuola! S√¨ allo studios√¨ al concorso s√¨ al sostegno! @user @user @user @user @,2,2,0.04,0.22,0.74
@user #vincitorisenzacattedra = capitale umano = anni rubati a chi attende il ruolo: quanto valiamo x #labuonascuola ? Spiegatevi!,0,0,0.84,0.09,0.07
#labuonascuola #cambiamoverso @user @user @user  http,1,1,0.04,0.5,0.46
Bene il sistema nazionale di valutazione de #labuonascuola. Andrebbe previsto anche per gli altri settori della PA @user. @user,2,2,0.05,0.18,0.77
Non capisco come fanno persone che prendono migliaia di euro e non hanno insegnato a dire a chi insegna da 30 anni come fare #labuonascuola,0,0,0.92,0.06,0.02
Idee sulla riforma della #scuola: le proposte di un team di esperti su @user http #labuonascuola http,1,1,0.02,0.59,0.39
@user @user la #labuonascuola √® una vera boccata di ossigeno per scuola lavoro paese  #idoneiconcorsone2012 @user,2,0,0.42,0.17,0.41
Le proposte per l'education di Confindustria assomigliano al documento del governo sulla buona scuola. E' questo il nuovo asse riformatore ?,0,0,0.44,0.4,0.16
Oggi @user era a #Catanzaro #labuonascuola √® ancora in #tour http http,1,1,0.05,0.86,0.08
La scuola non pi√π luogo opaco ma casa di vetro per chi ci lavora e la frequenta con #labuonascuola @user @user. #opendata,2,2,0.06,0.42,0.52
Per fare un Paese migliore CI VUOLE UNA SCUOLA MIGLIORE! #ForzaPlinio #ilfuturosiamonoi #labuonascuolasiamonoi... http,0,2,0.09,0.21,0.7
La scuola √© il luogo dell'esperienza di tutti #labuonascuola,1,2,0.04,0.43,0.53
@user @user @user @user  la buona scuola √© un ottimo progetto per ottimi insegnanti,2,2,0.01,0.07,0.91
@user @user ma quale buona scuola? state distruggendo tutto!,0,0,0.95,0.03,0.02
A Napoli si parla de #labuonascuola. La proposta della Consulta campana http,1,1,0.03,0.82,0.15
Oggi al via la scuola bell'inizio #passodopopasso in direzione di una #labuonascuola in bocca al lupo,2,2,0.02,0.1,0.89
@user programmi anacronistici strutture e locali non a norma insegnanti vecchi e stanchi questa non √® una buona scuola.,0,0,0.95,0.04,0.01
Seminario sulla legislazione scolastica sul tema 'La buona scuola. Facciamo crescere il‚Ä¶ http,1,1,0.04,0.52,0.44
@user ottima #labuonascuola. #idoneiconcorsone2012 si chiedono quale possa essere la tempistica http,2,2,0.04,0.42,0.55
@user La buona scuola sono anche edifici che non crollano in testa agli studenti lavagne e banchi decenti #grazie,0,2,0.09,0.14,0.77
On. @user √® possibile consegnare a lei le migliaia di firme raccolte per la proposta Educazione Motoria nella buona scuola? 11 nov Roma,1,1,0.07,0.82,0.11
@user nel #labuonascuola si studia #informatica x sviluppare #pensierocomputazionale: cultura x tutti http @user,2,1,0.05,0.5,0.45
Ue: in Italia dispersione scolastica record il 17% si ferma alle medie E il governo taglia ancora i fondi #labuonascuola,0,0,0.71,0.25,0.04
Democrazia Oggi - La buona scuola a Cagliari http,1,2,0.02,0.39,0.59
@user s√¨ intendevo che italiano medio dovrebbe criticare #labuonascuola dopo avere letto doc completonon 12 punti #cognizionedicausa,2,0,0.88,0.1,0.02
@user @user @user veronecess.agire anche al pres.E le risorse cont.ad ess.tagliatealdil√†della retor.su #labuonascuola,0,2,0.19,0.28,0.53
@user &lt;Connects individual donors with individual #classes and #Teachers #labuonascuola senza finanziamenti statali c'√® la pu√≤ fare?,1,1,0.33,0.57,0.1
@user consultazione non √® apparenza√® strumento inmano a cittadinoda usare dopo aver letto doc interonon i 12 punti #labuonascuola,2,1,0.14,0.46,0.4
#Firenze. Dopo il #10O nuove scuole occupate  http #labuonascuola,0,1,0.03,0.59,0.37
http  #labuonascuola c'√® e ha una proposta #Lip #legge popolare #scuola,1,1,0.02,0.75,0.23
@user Grazie per le sue analisi. Partecipi anche alla #consultazione #labuonascuola @user,2,2,0.02,0.13,0.85
"""La buona scuola"" il 'PSI scuola del Veneto': rischia di essere un'epica guerra tra poveri ¬ª... http",0,0,0.85,0.14,0.02
Anche Luigi Berlinguer al tavolo su #labuonascuola di #leopolda5 condotto da @user http,1,1,0.02,0.85,0.13
#idoneiconcorsone2012 @matteorenzi@Fusacchia Si inizia gi√† a contestare questa riforma ma il buon senso e la 'buona scuola' vinceranno!,2,2,0.09,0.26,0.65
Ventura: La buona scuola per il PSI scuola del Veneto rischia di essere un‚Äôepica guerra tra poveri http,0,0,0.87,0.11,0.02
@user @user La buona scuola si fa con i membri esterni all'esame di Stato  per garantire rigore contro i diplomifici,1,1,0.25,0.42,0.32
@user @user @user La scuola √® pronta a diventare #labuonascuola.  Ci avete stupito  grazie per questo grande progetto,2,2,0.02,0.04,0.95
@user ma √® Vanity Fair che travisa o in ogni giornale la buona scuola si trasforma come un Barpapapa'?,0,0,0.65,0.33,0.02
Bat24: Via al piano ¬´La buona scuola¬ª: a Trani lo sperimenta il secondo circolo didattico Petronelli http,1,1,0.03,0.67,0.29
@user @user docenti abilitati e specializzati sono pronti a fare #labuonascuola inclusiva #SFPinRUOLO,2,2,0.03,0.24,0.73
Diciamo NO alla #buonascuola di Renzi e Giannini: USI-AIT Calabria sulla ‚Äúbuona scuola‚Äù di Renzi. Il piano Ren... http,0,2,0.2,0.31,0.48
Criticate ma partecipate. L'essenza della #Leopolda5 la dice @user parlando de #labuonascuola @user,1,1,0.14,0.44,0.43
"Gelmini&amp;SB: ""scuola √® la nostra riforma"" ! Esultanza x Renzi#riforma scuola",2,2,0.03,0.29,0.68
#labuonascuola una riforma distruttivanello spazio segnalazioni.del Piccolo odiernograzie. mb... http,0,0,0.94,0.04,0.02
http Appuntamento a Roma il 30 ottobre #eSkills #eSkillsRome @user @user @user #labuonascuola,1,1,0.01,0.84,0.15
A S.Severo e Foggia per verificare #scuolebelle. Ottimo lavoro per ridare decoro alla #scuola! #italiariparte #labuonascuola @user,2,2,0.04,0.08,0.88
#iononcisto anche a #Mantovacontro #labuonascuola di #Renzi e #Giannini e l'infame #JobsAct http,0,1,0.16,0.61,0.23
3 incontri con #labuonascuola  Circolo PD Cannaregio 4008 Venezia. Il primo oggi alle 18 http,1,1,0.01,0.9,0.09
Orgogliosa che #labuonascuola contenga anche esperienze e contributi di tecnici bergamaschi http,2,2,0.04,0.11,0.85
Se volete capire come andr√† la pseudoconsultazione su #labuonascuola guardate spazio che d√† Repubblica a dissenso #10o in tutta Italia 2/2,0,1,0.24,0.64,0.12
http date una mano alla #Lip #legge iniziativa popolare per una buona scuola della #repubblica !,1,1,0.08,0.52,0.4
Scuola i punti critici di una buona riforma - Quella di Matteo Renzi potrebbe essere davvero #labuonascuola. Al... http,2,2,0.13,0.16,0.71
http avanti vecchiseniorpersone cn0servizio e #tieffini con servizio fuori bella riforma #labuonascuola @user,0,2,0.03,0.13,0.84
"""La buona scuola"": ad Albese si discute delle riforme di Renzi - http http",1,1,0.09,0.79,0.12
#labuonascuola √® la riforma che l'Italia aspetta da vent'anni su @user http,2,2,0.04,0.29,0.67
Col taglio di 15 mld all'istruzione  ipotizzato da Renzi la scuola italiana verrebbe messa in ginocchio definitivamente #labuonascuola,0,0,0.94,0.04,0.03
@user  #idoneiconcorsone2012 #pantarei presenti ovunque al tour de #labuonascuola come fare per intervenire il 25 GE 27 NA il 7 AV?,1,1,0.17,0.77,0.07
Non so a voi ma a me questa riforma della scuola piace #passodopopasso #labuonascuola http,2,2,0.04,0.18,0.78
@user #labuonascuola Nelle graduatorie d'Istituto ci sono anche docenti abilitati TFA con 48 mesi di servizio. Perch√© viene taciuto?,0,0,0.73,0.24,0.04
Ho bisogno di sapere quale sar√† la sede di Verona del 31 ottobre per il progetto la buona scuola. Grazie,1,1,0.09,0.82,0.09
#Scuola: la rivoluzione del merito http #labuonascuola,2,2,0.05,0.44,0.51
@user @user @user @user in quale passo della buona scuola si parla di rimediare ai tagli da Gelmini in poi?,0,1,0.24,0.69,0.07
#labuonascuola consultazione della @user con le scuole cattoliche della @user,1,1,0.03,0.56,0.41
So che molti sputeranno veleno ma questa √® una bella proposta. &gt; La buona scuola ¬´ Passo dopo Passo http,2,2,0.02,0.09,0.89
@user Io chiedo a te di rispondere a noi insegnanti di seconda fascia.La buona educazione (altro che buona scuola) lo richiede.,0,1,0.18,0.53,0.29
con @user e Roberto Proietto #labuonascuola a Milano Circolo PD Caponnetto  http,1,1,0.01,0.77,0.21
nessuno pi√π dietro alla lavagna o fuori dalla porta #labuonascuola,2,0,0.48,0.41,0.1
@user @user @user Una buona scuola potrebbe scaturire da buone idee e tanta buona volont√†. Di entrambe non si vede traccia,0,2,0.06,0.32,0.61
Vogliamo anche al liceo l'alternanza scuola lavoro #labuonascuola  @user,1,1,0.27,0.43,0.3
@user grazie per una posizione laica su #labuonascuola che parte da una passione allo studente!,2,2,0.01,0.05,0.94
Titola bene il @user. Oggi ci siamo mobilitati per difendere la scuola pubblica italiana. #10ottobre #labuonascuola @user,0,2,0.04,0.12,0.84
Siamo al convegno Pensare digitale a Bologna su codino e la buona scuola,1,1,0.02,0.8,0.17
Ho un'idea rivoluzionaria: che sia possibile licenziare chi insegna male oltre a premiare chi insegna bene. #labuonascuola,2,2,0.07,0.11,0.81
Se dopo 15 anni di studi non si hanno le competenze e le possibilit√† di trovare lavoro evidentemente c'√® qualche problema. #labuonascuola,0,0,0.78,0.18,0.05
La buona scuola e la buona universit√† http,1,2,0.02,0.22,0.76
#labuonascuola sono anche i genitori imbianchini della D.Campana di Scandicci che si rimboccano le maniche per i loro figli.Si #cambiaverso,2,0,0.95,0.03,0.02
@user @user @user #socialstrike Per la scuola: #MeglioLaLip http la vera buona scuola dal 2006.,0,2,0.03,0.32,0.65
"Assemblea con le RSU a Barcellona Pozzo di Gotto pet discutere di Art. 18Jobs act e ""la buona scuola""",1,1,0.03,0.83,0.14
‚Äú@SteGiannini: Formazione continua valutazione del merito e per questo possibilit√† di fare carriera. Cos√¨ sar√† #labuonascuola‚Äù Ma magari!,2,2,0.02,0.15,0.83
